dataset,category,case,vertices,triangulations,median_time,mad_time,min_time,max_time,n_runs,median_time_per_tri,mad_time_per_tri,median_tri_per_sec,mad_tri_per_sec,median_avg_time_per_tri,median_mem,median_mem_per_vertex,time_limit_frac,any_time_limit,median_unsuccessful_check_pct,median_check_success_rate,median_total_checks,median_failed_checks,median_invalid_traversal_pct,median_traversal_success_rate
results-with-vgs,1_triangulation_subdivide_1,case_001.txt,6,68.0,6.9747e-05,3.509314199999999e-06,6.738e-05,8.7072e-05,5,1.0256911764705882e-06,5.1607561764705756e-08,974952.3276986824,50777.887324369876,1.0256911764705882e-06,151552.0,25258.666667,0.0,False,,,,,,
results-with-vgs,1_triangulation_subdivide_1,case_002.txt,9,8460.0,0.003898101,0.00022091481300000034,0.003749096,0.00529998,5,4.6076843971631206e-07,2.6112862056737615e-08,2170287.532313811,127883.80568471379,4.6076843971631206e-07,217088.0,24120.888889,0.0,False,,,,,,
results-with-vgs,1_triangulation_subdivide_1,case_003.txt,10,17408.0,0.007393266,0.0008091600845999994,0.0067126,0.008729476,5,4.2470507812499997e-07,4.64820820657169e-08,2354575.095769583,239982.2779122919,4.2470507812499997e-07,151552.0,15155.2,0.0,False,,,,,,
results-with-vgs,1_triangulation_subdivide_1,case_004.txt,12,1005590.0,0.424125134,0.001588235250000035,0.405501073,0.429726572,5,4.2176745393251723e-07,1.5794063684006628e-09,2370974.7887754277,8901.149188821628,4.2176745393251723e-07,217088.0,18090.666667,0.0,False,,,,,,
results-with-vgs,1_triangulation_subdivide_1,case_006.txt,13,1375004.0,0.536095211,0.009487888321799967,0.529695718,0.573772747,5,3.8988629196715063e-07,6.900262342364073e-09,2564850.3694617036,45941.496298031125,3.8988629196715063e-07,278528.0,21425.230769,0.0,False,,,,,,
results-with-vgs,1_triangulation_subdivide_1,case_005.txt,13,1867652.0,0.587408317,0.0046773450275999166,0.581716135,0.599214503,5,3.1451700691563524e-07,2.5043985858178785e-09,3179478.304867107,25453.877929215425,3.1451700691563524e-07,217088.0,16699.076923,0.0,False,,,,,,
results-with-vgs,1_triangulation_subdivide_1,case_010.txt,14,2296832.0,0.883026742,0.006531133211399964,0.871169641,0.908727788,5,3.844542143265158e-07,2.8435398023886637e-09,2601089.967895899,19334.905929815824,3.844542143265158e-07,282624.0,20187.428571,0.0,False,,,,,,
results-with-vgs,1_triangulation_subdivide_1,case_008.txt,15,81820780.0,34.404498598,0.1962285400362036,34.272144261,34.830062437,5,4.2048607453998856e-07,2.398272664183895e-09,2378200.0416874667,13616.618748463557,4.2048607453998856e-07,278528.0,18568.533333,0.0,False,,,,,,
results-with-vgs,1_triangulation_subdivide_1,case_007.txt,15,93952962.0,37.318851318,0.23089638784799865,36.934834445,38.048039396,5,3.972078210583717e-07,2.4575743322280067e-09,2517573.791310229,15641.81884995695,3.972078210583717e-07,217088.0,14472.533333,0.0,False,,,,,,
results-with-vgs,1_triangulation_subdivide_1,case_009.txt,15,130217114.0,52.393668624,0.13903144955280106,52.15632406,52.617638279,5,4.023562419299202e-07,1.0676895323666527e-09,2485359.727994908,6606.95738609503,4.023562419299202e-07,151552.0,10103.466667,0.0,False,,,,,,
results-with-vgs,1_triangulation_subdivide_1,case_013.txt,16,174923434.0,67.149723287,0.1495014862445959,66.819726634,67.371404916,5,3.838806599634901e-07,8.546681415172613e-10,2604976.244687887,5808.415977270826,3.838806599634901e-07,282624.0,17664.0,0.0,False,,,,,,
results-with-vgs,1_triangulation_subdivide_1,case_011.txt,16,228160760.0,86.830503421,0.4078817658131959,85.565315127,87.105615903,5,3.80567208055408e-07,1.7876946316850676e-09,2627656.7681953483,12304.296014117557,3.80567208055408e-07,278528.0,17408.0,0.0,False,,,,,,
results-with-vgs,1_triangulation_subdivide_1,case_017.txt,17,246418336.0,98.595723943,1.5703104707051858,97.536564041,103.136408724,5,4.001152087278115e-07,6.372539057747608e-09,2499280.152782883,40237.68759673431,4.001152087278115e-07,282624.0,16624.941176,0.0,False,,,,,,
results-with-vgs,1_triangulation_subdivide_1,case_018.txt,17,246419208.0,99.847029161,0.9104824867823904,99.232917137,101.763596949,5,4.0519174609553973e-07,3.694851932087943e-09,2467967.350362095,22644.10958868794,4.0519174609553973e-07,278528.0,16384.0,0.0,False,,,,,,
results-with-vgs,1_triangulation_subdivide_1,case_024.txt,18,303044608.0,121.962408876,2.968065189734398,118.626681171,124.633585967,5,4.0245695074700023e-07,9.794152779429728e-09,2484737.8039909615,61477.44663194048,4.0245695074700023e-07,217088.0,12060.444444,0.0,False,,,,,,
results-with-vgs,1_triangulation_subdivide_1,case_023.txt,18,303046688.0,116.194565605,2.0860117595856096,114.645897713,118.672101299,5,3.834213347515614e-07,6.883466614839247e-09,2608096.914189587,46262.31807470627,3.834213347515614e-07,278528.0,15473.777778,0.0,False,,,,,,
results-with-vgs,1_triangulation_subdivide_1,case_032.txt,23,828029194.0,360.028842084,0.001536155959808559,360.008765267,360.029878207,5,4.348033629922957e-07,1.8024538105546387e-10,2299890.2150113294,953.1405377810636,4.3480211168013483e-07,,,1.0,True,,,,,,
results-with-vgs,1_triangulation_subdivide_1,case_015.txt,18,833593349.0,360.025339294,0.0068035639266127755,360.007322656,360.037667619,5,4.319104369665502e-07,2.2850560604578372e-09,2315294.8259906163,12293.116292326227,4.318956475911134e-07,,,1.0,True,,,,,,
results-with-vgs,1_triangulation_subdivide_1,case_020.txt,19,835815891.0,360.016924169,0.023467964204990935,360.000577194,360.047047837,5,4.3071755523011466e-07,7.001770279376739e-10,2321707.0859016674,3778.3236592276994,4.307371133351663e-07,,,1.0,True,,,,,,
results-with-vgs,1_triangulation_subdivide_1,case_033.txt,23,838011285.0,360.020097667,0.0048908764926162,360.01569291,360.024910575,5,4.296111953957756e-07,2.6385384613559397e-09,2327686.081548128,14355.39198222626,4.296124695588079e-07,,,1.0,True,,,,,,
results-with-vgs,1_triangulation_subdivide_1,case_039.txt,26,846133377.0,360.013906883,0.0015832136838043651,360.0073951,360.03082367,5,4.254825356522959e-07,1.243724971792025e-09,2350272.728507944,6883.637259023878,4.2548127360185675e-07,,,1.0,True,,,,,,
results-with-vgs,1_triangulation_subdivide_1,case_016.txt,19,853444409.0,360.024859432,0.009152392250388788,360.009766853,360.042921763,5,4.21831537070858e-07,1.5858283503219943e-09,2370614.5987658175,8934.715202525571,4.2184922138496315e-07,,,1.0,True,,,,,,
results-with-vgs,1_triangulation_subdivide_1,case_048.txt,28,867302600.0,360.030750214,0.0030873321401483507,360.02198779,360.032832591,5,4.1511640163421623e-07,5.1492261988175855e-09,2408962.87417995,29633.553953464067,4.1511549742154585e-07,,,1.0,True,,,,,,
results-with-vgs,1_triangulation_subdivide_1,case_019.txt,19,869705557.0,360.013232621,0.01759412836016544,360.001092196,360.039968116,5,4.1395965826512477e-07,2.438909958611717e-09,2415694.3316431562,14289.235567928516,4.1394841015256384e-07,,,1.0,True,,,,,,
results-with-vgs,1_triangulation_subdivide_1,case_042.txt,25,869750856.0,360.021185402,0.013907575260565306,360.001316125,360.030565933,5,4.1392200519202476e-07,6.09367149736804e-10,2415914.0791175975,3553.1290375073586,4.1393599433491104e-07,,,1.0,True,,,,,,
results-with-vgs,1_triangulation_subdivide_1,case_038.txt,26,874302528.0,360.031960172,0.0070734149178704,360.025155017,360.037149198,5,4.117878854160193e-07,1.3677031614331766e-09,2428434.7243234813,8083.859076725629,4.117933422834619e-07,,,1.0,True,,,,,,
results-with-vgs,1_triangulation_subdivide_1,case_036.txt,24,878726635.0,360.030761393,0.0029658286224240327,360.021581875,360.036981915,5,4.0972580956875175e-07,9.843562035802597e-10,2440656.5967922034,5873.134691044106,4.097187305503719e-07,,,1.0,True,,,,,,
results-with-vgs,1_triangulation_subdivide_1,case_060.txt,32,884105193.0,360.012231554,0.005876624615345474,360.008267825,360.049581322,5,4.072474454089085e-07,5.614550264744441e-09,2455509.5710813394,34170.83577854483,4.07205199567242e-07,,,1.0,True,,,,,,
results-with-vgs,1_triangulation_subdivide_1,case_027.txt,20,885781928.0,360.018498833,0.008313448214396646,360.012891489,360.032241922,5,4.0644145861711467e-07,3.740335047995794e-09,2460378.9273919594,22502.31128370686,4.0644145861711467e-07,,,1.0,True,,,,,,
results-with-vgs,1_triangulation_subdivide_1,case_057.txt,33,893437533.0,360.016349681,0.0062818592256329445,360.002310085,360.030688204,5,4.029724238191368e-07,7.0954551599842995e-09,2481559.3844427,44219.953969778704,4.029563751056337e-07,,,1.0,True,,,,,,
results-with-vgs,1_triangulation_subdivide_1,case_041.txt,26,896573374.0,360.016889581,0.013079153236743059,360.008067813,360.048487457,5,4.0158284631035676e-07,1.2324263079910777e-08,2490146.203175138,74870.84102656716,4.0154760337663117e-07,,,1.0,True,,,,,,
results-with-vgs,1_triangulation_subdivide_1,case_059.txt,32,901876150.0,360.047009721,0.005131195574374271,360.003860668,360.050470665,5,3.9917217088843076e-07,9.45121181747985e-09,2505184.661982615,60277.97008532073,3.992200145452344e-07,,,1.0,True,,,,,,
results-with-vgs,1_triangulation_subdivide_1,case_012.txt,18,908056184.0,360.019785433,0.008248768306743863,360.014221715,360.044722403,5,3.964669015623377e-07,5.335283404078057e-09,2522278.646866482,34253.39058785498,3.964730286259468e-07,,,1.0,True,,,,,,
results-with-vgs,1_triangulation_subdivide_1,case_040.txt,26,909842299.0,360.037710793,0.018556581871874207,360.007627324,360.050227036,5,3.957209418090596e-07,5.5725994615246e-09,2527033.306421556,35927.29541086834,3.957144124742435e-07,,,1.0,True,,,,,,
results-with-vgs,1_triangulation_subdivide_1,case_043.txt,25,911497099.0,360.036000787,0.007173899615441212,360.012812876,360.047281944,5,3.949941268951861e-07,1.8548270188021063e-09,2531683.2122553447,11850.83008393805,3.949941268951861e-07,,,1.0,True,,,,,,
results-with-vgs,1_triangulation_subdivide_1,case_030.txt,21,912787080.0,360.017769533,0.005752456865448278,360.005203344,360.023092041,5,3.9442176596211244e-07,4.62147039410667e-09,2535357.0373092913,29474.039742829995,3.9441593491112955e-07,,,1.0,True,,,,,,
results-with-vgs,1_triangulation_subdivide_1,case_022.txt,19,913331187.0,360.037265243,0.007556754378673099,360.017164226,360.042362204,5,3.942023116779872e-07,8.114474053176561e-09,2536768.482516845,52953.42724908557,3.942023116779872e-07,,,1.0,True,,,,,,
results-with-vgs,1_triangulation_subdivide_1,case_037.txt,24,915034752.0,360.023542264,0.010576795752621274,360.016408313,360.047451681,5,3.9347953822960376e-07,5.691501624986647e-09,2541428.213775321,37122.77442190965,3.934534087116289e-07,,,1.0,True,,,,,,
results-with-vgs,1_triangulation_subdivide_1,case_055.txt,33,919499652.0,360.019726972,0.02506445160662432,360.000921159,360.038731533,5,3.915249459561514e-07,1.1844517015898484e-08,2554115.6708619897,78877.26875637718,3.915387310793675e-07,,,1.0,True,,,,,,
results-with-vgs,1_triangulation_subdivide_1,case_046.txt,29,920054838.0,360.017986583,0.01881434670773244,360.003428788,360.050843233,5,3.9130846568843325e-07,9.611207207957913e-09,2555528.6626387932,63825.54341822844,3.9130057439358845e-07,,,1.0,True,,,,,,
results-with-vgs,1_triangulation_subdivide_1,case_026.txt,20,921714430.0,360.036443483,0.01099268432634734,360.015665422,360.043857947,5,3.90593500225444e-07,1.6158429820002085e-09,2560206.453570827,10620.932185924015,3.9061604306552957e-07,,,1.0,True,,,,,,
results-with-vgs,1_triangulation_subdivide_1,case_051.txt,30,924144113.0,360.03505584,0.019233628953039227,360.003310389,360.048028745,5,3.8958756624141365e-07,9.460782994478493e-09,2566817.030757946,63370.81461156462,3.8958756624141365e-07,,,1.0,True,,,,,,
results-with-vgs,1_triangulation_subdivide_1,case_047.txt,28,925287029.0,360.031554136,0.009759356829580736,360.021163485,360.039882578,5,3.8909680414530047e-07,2.661167084153403e-09,2570054.519457245,17658.950276968346,3.891025626124929e-07,,,1.0,True,,,,,,
results-with-vgs,1_triangulation_subdivide_1,case_014.txt,18,925312796.0,360.041124256,0.006607057157387407,360.009352347,360.045580655,5,3.8910688602970534e-07,4.055705735302063e-09,2569987.9285191,26976.934965994693,3.891020699296587e-07,,,1.0,True,,,,,,
results-with-vgs,1_triangulation_subdivide_1,case_044.txt,27,928427319.0,360.021523547,0.01901658817378985,360.003014209,360.04597734,5,3.877654313681392e-07,2.238889196662845e-09,2578878.6702098097,14832.228022436891,3.8777566771169085e-07,,,1.0,True,,,,,,
results-with-vgs,1_triangulation_subdivide_1,case_062.txt,34,928936275.0,360.029148055,0.029707376592577668,360.001154385,360.049185406,3,3.8754128143504785e-07,3.9660741030352424e-10,2580370.267386858,2638.9138079495024,3.875714166238152e-07,,,1.0,True,,,,,,
results-with-vgs,1_triangulation_subdivide_1,case_050.txt,28,933097850.0,360.035138618,0.006604149778857617,360.005714042,360.046729704,5,3.8586170754117585e-07,3.382520590447404e-09,2591602.070006619,22584.82866806328,3.8584928538630756e-07,,,1.0,True,,,,,,
results-with-vgs,1_triangulation_subdivide_1,case_021.txt,19,937010130.0,360.026975085,0.01699414682703508,360.008938318,360.045314526,5,3.8424911641670303e-07,5.737919444349885e-09,2602478.33313308,39257.72263397898,3.8422954411922956e-07,,,1.0,True,,,,,,
results-with-vgs,1_triangulation_subdivide_1,case_025.txt,20,939914070.0,360.020860703,0.0033812442467794426,360.014518231,360.023219185,5,3.8302918290285835e-07,3.0511895869703597e-09,2610767.1285548345,20909.574836725664,3.830359308303577e-07,,,1.0,True,,,,,,
results-with-vgs,1_triangulation_subdivide_1,case_029.txt,22,941993133.0,360.019278241,0.004163194173564796,360.016470205,360.02886449,5,3.8218885640326634e-07,3.9481852157541326e-10,2616507.4759397237,2704.8562592829207,3.8218885640326634e-07,,,1.0,True,,,,,,
results-with-vgs,1_triangulation_subdivide_1,case_054.txt,29,947365608.0,360.02463795,0.01672199187538698,360.004524277,360.038058103,5,3.8004130091135844e-07,5.461547579268511e-09,2631292.9610596243,37451.11549739644,3.8002713515223996e-07,,,1.0,True,,,,,,
results-with-vgs,1_triangulation_subdivide_1,case_035.txt,24,948518690.0,360.02591027,0.009291709207170106,360.007328996,360.032177442,5,3.79546900647788e-07,6.132509387860455e-10,2634720.500399976,4261.6804018853345,3.795664904294084e-07,,,1.0,True,,,,,,
results-with-vgs,1_triangulation_subdivide_1,case_056.txt,33,950821659.0,360.008481736,0.007821503743261519,360.003206204,360.050701367,5,3.786602142053224e-07,5.3605172626889e-09,2640890.0710592377,37032.256741829486,3.7862881890451345e-07,,,1.0,True,,,,,,
results-with-vgs,1_triangulation_subdivide_1,case_061.txt,34,957870706.0,360.037832966,0.004998757881572214,360.014114787,360.045172825,5,3.758722561403814e-07,4.2150244169580045e-09,2660478.3504598923,30061.934482839442,3.758731013598823e-07,,,1.0,True,,,,,,
results-with-vgs,1_triangulation_subdivide_1,case_049.txt,30,958265559.0,360.033717348,0.010353268598451483,360.010164203,360.041879535,5,3.7572121542980346e-07,4.318839400758605e-09,2661547.868293936,30358.580413364543,3.7571392811374115e-07,,,1.0,True,,,,,,
results-with-vgs,1_triangulation_subdivide_1,case_045.txt,27,959427919.0,360.009532605,0.011262000099018621,360.00193649,360.031249135,5,3.75229557117985e-07,2.1096729612352182e-09,2665035.2591642076,15040.806646821651,3.752335381069935e-07,,,1.0,True,,,,,,
results-with-vgs,1_triangulation_subdivide_1,case_053.txt,29,961314251.0,360.016816947,0.015593885983156473,360.006299015,360.039800779,5,3.744938750679147e-07,5.801637722535023e-09,2670270.6414588206,41804.502711895024,3.7450481626845245e-07,,,1.0,True,,,,,,
results-with-vgs,1_triangulation_subdivide_1,case_058.txt,32,962112271.0,360.0197622,0.014588733591622929,360.003592241,360.035638928,5,3.7418043932317746e-07,4.181652544869727e-08,2672507.4186368836,287580.2972496263,3.7419724605092374e-07,,,1.0,True,,,,,,
results-with-vgs,1_triangulation_subdivide_1,case_034.txt,23,962952120.0,360.01914024,0.0013106806691934594,360.014058706,360.029579869,5,3.738649629910987e-07,3.7492705680159544e-09,2674762.5452771,26643.393661627833,3.738702400281335e-07,,,1.0,True,,,,,,
results-with-vgs,1_triangulation_subdivide_1,case_031.txt,21,973700521.0,360.015310371,0.01284894400441559,360.005281233,360.023976865,5,3.6972990254156394e-07,4.041966965390681e-09,2704677.098405864,29787.75820086503,3.6973926028226906e-07,,,1.0,True,,,,,,
results-with-vgs,1_triangulation_subdivide_1,case_028.txt,20,980491724.0,360.020147182,0.00984899482564433,360.004661628,360.032414308,5,3.671957707498202e-07,2.168005412790561e-09,2723342.9131222903,16143.510623331838,3.6718325955191846e-07,,,1.0,True,,,,,,
results-with-vgs,1_triangulation_subdivide_1,case_052.txt,30,1007501001.0,360.033725632,0.018821826424766652,360.002939163,360.048886978,5,3.573226615216038e-07,2.494348659080358e-09,2798591.043013206,19628.435999900943,3.573532187805737e-07,,,1.0,True,,,,,,
results-with-vgs,2_triangulation_subdivide_2,case_001.txt,9,46782.0,0.019012462,0.0001754909142000017,0.018834137,0.022752365,5,4.0640549784105e-07,3.751248646915535e-09,2460596.6339341006,22854.354906469056,4.0640549784105e-07,217088.0,24120.888889,0.0,False,,,,,,
results-with-vgs,2_triangulation_subdivide_2,case_002.txt,14,661213332.0,208.694147432,1.5371434158779913,207.657358402,213.536086072,5,3.1562301806703435e-07,2.324731431576689e-09,3168336.7269101157,23452.99957840296,3.1562301806703435e-07,278528.0,19894.857143,0.0,False,,,,,,
results-with-vgs,2_triangulation_subdivide_2,case_036.txt,38,737946449.0,360.023986482,0.029256043500631698,360.004253551,360.046366182,5,4.878727812429652e-07,3.3981719405894126e-10,2049714.6765439054,1428.3553026786392,4.878727812429652e-07,,,1.0,True,,,,,,
results-with-vgs,2_triangulation_subdivide_2,case_033.txt,35,772907979.0,360.033120064,0.0019503113741755783,360.01333926,360.043544168,5,4.6581798262299994e-07,9.919270274554679e-10,2146761.2614889736,4564.822573550991,4.6581628065195584e-07,,,1.0,True,,,,,,
results-with-vgs,2_triangulation_subdivide_2,case_044.txt,40,791409088.0,360.022327316,0.004629073054171294,360.019205049,360.03396953,5,4.549119840723891e-07,7.244373201718661e-10,2198227.4264308503,3504.392894023726,4.549130566921162e-07,,,1.0,True,,,,,,
results-with-vgs,2_triangulation_subdivide_2,case_027.txt,33,791433139.0,360.038064497,0.008527305851398603,360.029675408,360.045158157,5,4.549206065671357e-07,2.6121049877371014e-10,2198185.761568537,1261.6858896667852,4.5491911666969e-07,,,1.0,True,,,,,,
results-with-vgs,2_triangulation_subdivide_2,case_026.txt,33,800469378.0,360.008967628,0.005024196332443841,360.003996313,360.016962067,5,4.497515661392359e-07,3.2615544530544785e-09,2223449.7337812847,16045.75515463551,4.4974733265561597e-07,,,1.0,True,,,,,,
results-with-vgs,2_triangulation_subdivide_2,case_034.txt,38,818017406.0,360.016930379,0.004345522839002194,360.013999364,360.022477417,5,4.4010913183307005e-07,4.849742851140111e-10,2272163.7150198743,2505.6526195617876,4.4010913183307005e-07,,,1.0,True,,,,,,
results-with-vgs,2_triangulation_subdivide_2,case_031.txt,36,821462016.0,360.038302701,0.002705137134018457,360.030922853,360.04486967,5,4.382806701229141e-07,1.4646851501918362e-09,2281642.947473713,7642.222552916572,4.382896539199203e-07,,,1.0,True,,,,,,
results-with-vgs,2_triangulation_subdivide_2,case_029.txt,36,822609158.0,360.015896861,0.007308215762382735,360.010967537,360.044489667,5,4.376452219572785e-07,5.134337912168163e-10,2284955.8268400715,2682.7725637109047,4.376512142610987e-07,,,1.0,True,,,,,,
results-with-vgs,2_triangulation_subdivide_2,case_046.txt,42,828433887.0,360.024999435,0.0037978548468231904,360.014098547,360.030110587,5,4.345881629212012e-07,1.150420660626612e-09,2301029.078376712,6080.316051377524,4.3458507079998285e-07,,,1.0,True,,,,,,
results-with-vgs,2_triangulation_subdivide_2,case_030.txt,36,845226869.0,360.032211098,0.014754793687215271,360.005236777,360.04216307,5,4.2596666857499056e-07,3.6939879261240964e-10,2347601.5232491177,2034.6526761199768,4.259592593453155e-07,,,1.0,True,,,,,,
results-with-vgs,2_triangulation_subdivide_2,case_040.txt,40,850485581.0,360.010826044,0.003971362042173302,360.008147397,360.02953368,5,4.233223251788439e-07,1.5977557726387275e-09,2362266.1516316747,8893.318590420095,4.233003287612468e-07,,,1.0,True,,,,,,
results-with-vgs,2_triangulation_subdivide_2,case_043.txt,40,851740755.0,360.033129543,0.009524833231201795,360.003193093,360.039553955,5,4.22710257600624e-07,4.636696747860269e-10,2365686.618716498,2596.8361597926046,4.2270271491587835e-07,,,1.0,True,,,,,,
results-with-vgs,2_triangulation_subdivide_2,case_037.txt,41,858116662.0,360.022603509,0.008474713581560978,360.016712878,360.035254947,5,4.1954971794849034e-07,6.008697627025335e-10,2383507.7398926383,3410.3123746715337,4.1954971794849034e-07,,,1.0,True,,,,,,
results-with-vgs,2_triangulation_subdivide_2,case_041.txt,40,865033063.0,360.027705111,0.006092602370343763,360.023595707,360.04721043,5,4.1622364026333177e-07,3.144142914990719e-10,2402554.5482407752,1815.808836155843,4.1620109162347705e-07,,,1.0,True,,,,,,
results-with-vgs,2_triangulation_subdivide_2,case_032.txt,35,871941315.0,360.030902223,0.007131848631622483,360.02320431,360.048623814,5,4.1289843492506145e-07,2.148331800828809e-10,2421903.1011379203,1260.5710304561912,4.1290726340109253e-07,,,1.0,True,,,,,,
results-with-vgs,2_triangulation_subdivide_2,case_038.txt,38,875652477.0,360.036251587,0.00904211497980309,360.023618268,360.042860612,5,4.111703670884494e-07,2.997984087104407e-10,2432081.881486571,1772.4425892871561,4.1116340219865553e-07,,,1.0,True,,,,,,
results-with-vgs,2_triangulation_subdivide_2,case_028.txt,33,886633924.0,360.029672318,0.0037488089561840297,360.007858274,360.034062433,5,4.0606634949262327e-07,4.880418491248436e-10,2462651.734746039,2962.206068135118,4.060634976538525e-07,,,1.0,True,,,,,,
results-with-vgs,2_triangulation_subdivide_2,case_035.txt,38,898876909.0,360.025759364,0.028440994528799283,360.006576176,360.050644813,5,4.0055439579881346e-07,9.495101661775631e-10,2496539.8220277433,5927.499858934412,4.0052843249086065e-07,,,1.0,True,,,,,,
results-with-vgs,2_triangulation_subdivide_2,case_039.txt,38,901637394.0,360.01927446,0.012973977592826565,360.010523632,360.040022889,5,3.993150012324153e-07,6.519366446992568e-10,2504288.586488553,4093.102773499078,3.9929496808336683e-07,,,1.0,True,,,,,,
results-with-vgs,2_triangulation_subdivide_2,case_042.txt,40,906964313.0,360.041554667,0.005475352995001548,360.005264766,360.045247742,5,3.9697840651642046e-07,2.63521468537581e-10,2519028.701775587,1672.9259889728294,3.9697433460868707e-07,,,1.0,True,,,,,,
results-with-vgs,2_triangulation_subdivide_2,case_045.txt,43,941773884.0,360.033023324,0.003569291300368525,360.020791353,360.035430778,5,3.8229242649502054e-07,3.8543853916112556e-10,2615798.615652213,2635.53331235225,3.8229242649502054e-07,,,1.0,True,,,,,,
results-with-vgs,2_triangulation_subdivide_2,case_050.txt,45,949104094.0,360.013285267,0.0,360.013285267,360.013285267,1,3.793190731584812e-07,0.0,2636302.972253113,0.0,3.793190731584812e-07,,,1.0,True,,,,,,
results-with-vgs,2_triangulation_subdivide_2,case_048.txt,45,959877294.0,360.036454807,0.0016839133583771626,360.027586918,360.039793545,5,3.750867096977085e-07,3.4740406165595215e-10,2666050.2069132878,2467.7451971174582,3.750859167703158e-07,,,1.0,True,,,,,,
results-with-vgs,2_triangulation_subdivide_2,case_049.txt,45,962338042.0,360.032638764,0.02441899131840231,360.004380513,360.049109148,5,3.7413868942115457e-07,8.122415745549401e-10,2672805.6420658906,5794.080219186329,3.7412283735116026e-07,,,1.0,True,,,,,,
results-with-vgs,2_triangulation_subdivide_2,case_016.txt,29,976321466.0,360.017514515,0.002580733650601678,360.015773834,360.026560168,5,3.6874716614496726e-07,1.305001542985092e-09,2711885.2477007657,9574.546277849257,3.687489490423639e-07,,,1.0,True,,,,,,
results-with-vgs,2_triangulation_subdivide_2,case_012.txt,26,1026963137.0,360.01633024,0.0196059483605895,360.003106209,360.033589964,5,3.5058083098848364e-07,1.357819607123541e-09,2852409.235212433,11076.479634048568,3.50564024422232e-07,,,1.0,True,,,,,,
results-with-vgs,2_triangulation_subdivide_2,case_011.txt,26,1032868885.0,360.02673838,0.013251337953057645,360.016624926,360.050351074,5,3.485782963488149e-07,4.84101643890759e-09,2868795.936162707,40218.25199336897,3.485696428738871e-07,,,1.0,True,,,,,,
results-with-vgs,2_triangulation_subdivide_2,case_008.txt,24,1039644196.0,360.024523066,0.02666648986261133,360.003546041,360.042509367,5,3.4627625717827796e-07,4.707733698088822e-10,2887867.6469150954,3929.7496663230786,3.462959005121017e-07,,,1.0,True,,,,,,
results-with-vgs,2_triangulation_subdivide_2,case_047.txt,48,1039874513.0,360.03168825,0.01263917982604156,360.006068909,360.04265211,5,3.462366349101971e-07,4.107213646531006e-10,2888198.1257106676,3423.370571947558,3.46226091464942e-07,,,1.0,True,,,,,,
results-with-vgs,2_triangulation_subdivide_2,case_010.txt,23,1042125142.0,360.028240371,0.01172192485803813,360.011970634,360.041893756,5,3.4547505463696025e-07,2.228602270132036e-09,2894564.995585114,18753.95763153301,3.4547505463696025e-07,,,1.0,True,,,,,,
results-with-vgs,2_triangulation_subdivide_2,case_025.txt,33,1058048731.0,360.024487104,0.0155113422281584,360.00881657,360.049023167,5,3.402820104710281e-07,4.007604090351612e-09,2938738.955420451,34337.64958270873,3.4027212221475645e-07,,,1.0,True,,,,,,
results-with-vgs,2_triangulation_subdivide_2,case_014.txt,26,1066887122.0,360.016369174,0.005029097807954269,360.004594233,360.027509276,5,3.374456038977289e-07,3.746979133434467e-09,2963440.5914592217,33154.205139056896,3.374456038977289e-07,,,1.0,True,,,,,,
results-with-vgs,2_triangulation_subdivide_2,case_023.txt,31,1070370614.0,360.042944955,0.0063435042509873705,360.004292621,360.047480741,5,3.363722249525434e-07,8.574881369807468e-11,2972897.064081565,757.9883747423985,3.363722249525434e-07,,,1.0,True,,,,,,
results-with-vgs,2_triangulation_subdivide_2,case_022.txt,31,1075824659.0,360.027987588,0.0033179149878542146,360.007784962,360.047772391,5,3.346517134145742e-07,1.414061018831111e-09,2988181.323790735,12662.561530176725,3.3465303530284667e-07,,,1.0,True,,,,,,
results-with-vgs,2_triangulation_subdivide_2,case_015.txt,29,1086164435.0,360.028883896,0.012665372920170205,360.003056444,360.043535055,5,3.3147598556106287e-07,1.0132951553938385e-09,3016809.794855516,9241.196512005858,3.314681205668459e-07,,,1.0,True,,,,,,
results-with-vgs,2_triangulation_subdivide_2,case_013.txt,26,1087763219.0,360.020619471,0.007432797157772097,360.00269796,360.037419988,5,3.309687253894912e-07,2.474754012806587e-09,3021433.5170888975,22478.810078571034,3.309733342537297e-07,,,1.0,True,,,,,,
results-with-vgs,2_triangulation_subdivide_2,case_019.txt,28,1099392470.0,360.027498222,0.014612686477161104,360.001069487,360.037354344,5,3.2745455268308324e-07,2.1153185120458355e-09,3053858.8998266854,19813.906863866614,3.27478592082771e-07,,,1.0,True,,,,,,
results-with-vgs,2_triangulation_subdivide_2,case_021.txt,31,1102006813.0,360.022288643,0.019382630253000136,360.006054252,360.046368926,5,3.2668555592223914e-07,2.91756342257808e-09,3061047.487015403,27503.27610171367,3.266969717391394e-07,,,1.0,True,,,,,,
results-with-vgs,2_triangulation_subdivide_2,case_004.txt,19,1112729672.0,360.02717857,0.015008546607594542,360.001507302,360.045498884,5,3.235531393019238e-07,1.8334419790609763e-09,3090682.4213096243,17580.81544598893,3.235531393019238e-07,,,1.0,True,,,,,,
results-with-vgs,2_triangulation_subdivide_2,case_005.txt,21,1122586498.0,360.021828982,0.018714309755346003,360.003617055,360.042631874,5,3.207104636706578e-07,1.7839157337512525e-09,3118077.248102869,17409.268264388058,3.207074284461953e-07,,,1.0,True,,,,,,
results-with-vgs,2_triangulation_subdivide_2,case_020.txt,28,1125714599.0,360.014024464,0.010612022328586272,360.006017929,360.021968158,5,3.1980932359215145e-07,6.0527031717036106e-09,3126863.1844995446,58433.01306862332,3.1980932359215145e-07,,,1.0,True,,,,,,
results-with-vgs,2_triangulation_subdivide_2,case_024.txt,30,1127709328.0,360.011939668,0.010083300481852643,360.005138575,360.046143743,5,3.1923575484958653e-07,8.340495477943604e-10,3132481.1986400685,8169.66324210867,3.1924178574144066e-07,,,1.0,True,,,,,,
results-with-vgs,2_triangulation_subdivide_2,case_003.txt,16,1136369606.0,360.037793564,0.00869023766103761,360.010120416,360.050182449,5,3.168072416889334e-07,1.3465801195461618e-09,3156493.502701809,13455.159999623504,3.1683159393124424e-07,,,1.0,True,,,,,,
results-with-vgs,2_triangulation_subdivide_2,case_007.txt,24,1136856583.0,360.026942005,0.026203496121601253,360.003858445,360.049628757,5,3.1667078624727463e-07,3.48192092735728e-09,3157853.655686265,34466.241991105824,3.1668633263743877e-07,,,1.0,True,,,,,,
results-with-vgs,2_triangulation_subdivide_2,case_006.txt,21,1155387176.0,360.021516525,0.011476736917793244,360.012166791,360.05060296,5,3.1160918604310353e-07,1.1412043248663831e-09,3209148.0122850887,11781.945761490852,3.116024861652091e-07,,,1.0,True,,,,,,
results-with-vgs,2_triangulation_subdivide_2,case_009.txt,24,1188828376.0,360.037892104,0.01270100869379013,360.012017128,360.046458817,5,3.028378186331245e-07,1.3545968948128396e-09,3302097.4874061504,14815.01536284492,3.0285102490184836e-07,,,1.0,True,,,,,,
results-with-vgs,2_triangulation_subdivide_2,case_017.txt,29,1191421823.0,360.028378624,0.011406515051461315,360.009985825,360.042459941,5,3.021773464988814e-07,4.679804473643731e-10,3309314.91584761,5130.477582913027,3.021838039842586e-07,,,1.0,True,,,,,,
results-with-vgs,2_triangulation_subdivide_2,case_018.txt,28,1215795630.0,360.0134172,0.009501861826765741,360.007008282,360.03183796,5,2.961285836830981e-07,1.708890915643068e-09,3376911.433413498,19563.53804971066,2.961134324853594e-07,,,1.0,True,,,,,,
results-with-vgs,3_triangulation_subdivide_3,case_001.txt,12,54721224.0,19.184210427,0.1545819783815993,19.079946311,19.900599778,5,3.5058079890537535e-07,2.824899866669579e-09,2852409.4962482764,23109.661625741228,3.5058079890537535e-07,159744.0,13312.0,0.0,False,,,,,,
results-with-vgs,3_triangulation_subdivide_3,case_004.txt,26,866357519.0,360.021401286,0.026081455902537718,360.002670563,360.045873668,5,4.1553592214278456e-07,2.1253414221484905e-09,2406530.811688489,12266.365498717238,4.1555754222755236e-07,,,1.0,True,,,,,,
results-with-vgs,3_triangulation_subdivide_3,case_032.txt,53,868748774.0,360.021259286,0.012963691314007701,360.003829448,360.033148095,5,4.1442361008270037e-07,2.889221144488727e-10,2412989.9351063636,1683.0463356296239,4.14413545159144e-07,,,1.0,True,,,,,,
results-with-vgs,3_triangulation_subdivide_3,case_041.txt,59,871114935.0,360.022727405,0.015534847368596479,360.007917786,360.04822031,5,4.133188467374859e-07,1.0886421100651516e-09,2419439.6357520493,6361.270344890208,4.1328958205153495e-07,,,1.0,True,,,,,,
results-with-vgs,3_triangulation_subdivide_3,case_036.txt,60,900522838.0,360.018059544,0.0123257003645611,360.009745973,360.04018455,5,3.998123860463381e-07,1.0018376249116313e-09,2501173.137452776,6277.973518452548,3.997878169792735e-07,,,1.0,True,,,,,,
results-with-vgs,3_triangulation_subdivide_3,case_035.txt,52,906176497.0,360.00875304,0.0035575046303730003,360.006353536,360.049434745,5,3.9732815399316185e-07,5.93052922420756e-10,2516811.330760141,3760.384171919208,3.9728326019473e-07,,,1.0,True,,,,,,
results-with-vgs,3_triangulation_subdivide_3,case_027.txt,46,911545917.0,360.047356951,0.002822001596438258,360.023813298,360.049260365,5,3.9498543105316764e-07,6.09269877457312e-10,2531738.94878516,3909.3056977567285,3.9498543105316764e-07,,,1.0,True,,,,,,
results-with-vgs,3_triangulation_subdivide_3,case_046.txt,63,916061184.0,360.031724005,0.027558370131627416,360.004816173,360.050311871,5,3.9299703438476877e-07,1.1361470869580676e-09,2544548.46349028,7341.925770901032,3.93021481854426e-07,,,1.0,True,,,,,,
results-with-vgs,3_triangulation_subdivide_3,case_047.txt,67,930225939.0,360.025333213,0.01378642311903319,360.011445251,360.03789076,5,3.8701999084762137e-07,8.108539788885374e-11,2583845.8571865424,541.423661724306,3.8702998714487577e-07,,,1.0,True,,,,,,
results-with-vgs,3_triangulation_subdivide_3,case_042.txt,59,947331159.0,360.017870833,0.0025146645468604447,360.014060826,360.023961572,5,3.800297893780141e-07,3.216535878927914e-10,2631372.6659077876,2225.8979923804113,3.800338112102571e-07,,,1.0,True,,,,,,
results-with-vgs,3_triangulation_subdivide_3,case_014.txt,36,954210607.0,360.024445839,0.028436748362385057,360.002955501,360.050361914,5,3.773008214307138e-07,5.722858699701716e-09,2650405.043402845,40616.59387993684,3.773008214307138e-07,,,1.0,True,,,,,,
results-with-vgs,3_triangulation_subdivide_3,case_010.txt,32,956123536.0,360.032492619,0.007842399507567972,360.022852676,360.040426705,5,3.765626649159278e-07,2.0705930803457376e-09,2655600.4967281134,14656.624004141275,3.765543667350952e-07,,,1.0,True,,,,,,
results-with-vgs,3_triangulation_subdivide_3,case_049.txt,66,956338709.0,360.016300867,0.01721120984521782,360.004692065,360.030482944,3,3.764527122858518e-07,3.102700346689101e-10,2656376.13268322,2188.1526254205914,3.764527122858518e-07,,,1.0,True,,,,,,
results-with-vgs,3_triangulation_subdivide_3,case_044.txt,63,968345974.0,360.044672093,0.007570698231610083,360.036746252,360.049778459,5,3.718071647355246e-07,1.184057055295535e-09,2689566.2452102667,8546.833908515964,3.718140848004393e-07,,,1.0,True,,,,,,
results-with-vgs,3_triangulation_subdivide_3,case_048.txt,66,973606577.0,360.038773412,0.010015514527179891,360.010612363,360.045528784,5,3.6980597429140004e-07,4.394478394538472e-10,2704120.726865324,3210.787291106925,3.697990357885596e-07,,,1.0,True,,,,,,
results-with-vgs,3_triangulation_subdivide_3,case_033.txt,53,983795533.0,360.019960292,0.012040864735217326,360.008290006,360.031698942,5,3.659582399669221e-07,5.981071062888274e-10,2732552.2171338103,4470.899574818949,3.6594998474342537e-07,,,1.0,True,,,,,,
results-with-vgs,3_triangulation_subdivide_3,case_026.txt,46,985848193.0,360.00907902,0.010752675107999106,360.001437732,360.022932408,5,3.651736487475613e-07,5.201280141933978e-10,2738423.2225674205,3904.1708099090206,3.6517699335074e-07,4096.0,89.043478,1.0,True,,,,,,
results-with-vgs,3_triangulation_subdivide_3,case_037.txt,56,987034452.0,360.027453413,0.005658726893425353,360.003121814,360.040236302,5,3.6475360228358067e-07,5.255461192783285e-10,2741576.7623387086,3946.297312620226,3.64756724229318e-07,,,1.0,True,,,,,,
results-with-vgs,3_triangulation_subdivide_3,case_038.txt,56,989686126.0,360.020350143,0.010882187631006695,360.009029141,360.034259449,5,3.637686623028856e-07,5.70440217304835e-10,2748999.855208439,4315.381199896836,3.6377225130768376e-07,,,1.0,True,,,,,,
results-with-vgs,3_triangulation_subdivide_3,case_011.txt,36,990301790.0,360.013727208,0.007894392806934967,360.008402513,360.031999438,5,3.6353425414892967e-07,2.038837371302648e-09,2750772.4198950683,15485.950685736057,3.6353940873720926e-07,,,1.0,True,,,,,,
results-with-vgs,3_triangulation_subdivide_3,case_013.txt,36,992608027.0,360.034097998,0.013531707991232246,360.003423424,360.04322501,5,3.627152795511294e-07,9.513464718910574e-09,2756983.387183272,71054.42635178463,3.627152795511294e-07,,,1.0,True,,,,,,
results-with-vgs,3_triangulation_subdivide_3,case_040.txt,60,995448795.0,360.036081301,0.010874481076211657,360.022737932,360.046260726,5,3.6168859524612717e-07,5.13743985008013e-10,2764809.3225596603,3930.91266988507,3.616821710060938e-07,,,1.0,True,,,,,,
results-with-vgs,3_triangulation_subdivide_3,case_018.txt,39,995559502.0,360.020698379,0.02156694483298007,360.006151674,360.045462635,5,3.616425131563859e-07,4.027278109000707e-09,2765161.6268012375,31026.08948265603,3.616265001295724e-07,,,1.0,True,,,,,,
results-with-vgs,3_triangulation_subdivide_3,case_034.txt,53,996288443.0,360.032838414,0.006559416771601332,360.003406414,360.048548835,5,3.613740989806905e-07,9.451983588367363e-10,2767215.477868085,7250.630336479429,3.613740989806905e-07,,,1.0,True,,,,,,
results-with-vgs,3_triangulation_subdivide_3,case_028.txt,50,996452291.0,360.02037865,0.022119664043371436,360.005459141,360.048394023,5,3.613281990186121e-07,9.150736297666429e-10,2767567.0006272877,7020.932682706237,3.613021736230822e-07,,,1.0,True,,,,,,
results-with-vgs,3_triangulation_subdivide_3,case_030.txt,49,997077138.0,360.019503404,0.0013069875125459815,360.003305677,360.039285704,5,3.6107561111084264e-07,1.0539266507855183e-09,2769503.0326848105,8099.718624685206,3.6107487543656824e-07,,,1.0,True,,,,,,
results-with-vgs,3_triangulation_subdivide_3,case_043.txt,59,999403709.0,360.029315517,0.008276085211754956,360.023733374,360.040741635,5,3.6024334769403986e-07,9.78980844587088e-10,2775901.3633454107,7557.515241289898,3.602441258470454e-07,,,1.0,True,,,,,,
results-with-vgs,3_triangulation_subdivide_3,case_045.txt,63,999858038.0,360.03064103,0.017293024161060884,360.018140916,360.042707882,5,3.600692570678719e-07,2.466103476424673e-10,2777243.489608732,1901.2473916467927,3.60081758956665e-07,,,1.0,True,,,,,,
results-with-vgs,3_triangulation_subdivide_3,case_039.txt,56,1003553468.0,360.028358224,0.01740108790982672,360.00242103,360.044557262,5,3.5876968068232515e-07,9.419843949377128e-10,2787303.5371833895,7331.31756066369,3.5875353900326513e-07,,,1.0,True,,,,,,
results-with-vgs,3_triangulation_subdivide_3,case_020.txt,39,1013916424.0,360.034737957,0.007774460845193198,360.029494155,360.048329822,5,3.5509311165571964e-07,5.054299860063845e-09,2816162.767385782,40473.065994686076,3.5509311165571964e-07,,,1.0,True,,,,,,
results-with-vgs,3_triangulation_subdivide_3,case_006.txt,29,1022819078.0,360.02842216,0.009207297376207088,360.017937202,360.049621624,5,3.519901218766668e-07,8.637020114297863e-10,2840988.817153193,6982.683400200966,3.5199619356337425e-07,,,1.0,True,,,,,,
results-with-vgs,3_triangulation_subdivide_3,case_024.txt,42,1026797200.0,360.020405661,0.011118217550983854,360.012906526,360.033516807,5,3.506374158470631e-07,2.2853073636696644e-09,2851948.921606724,18669.878556641856,3.5062464687379354e-07,,,1.0,True,,,,,,
results-with-vgs,3_triangulation_subdivide_3,case_031.txt,53,1028392567.0,360.026656409,0.009753190696244678,360.003151846,360.03944975,5,3.500867936640775e-07,3.386051012776073e-10,2856434.5130926035,2764.556393225943,3.500867936640775e-07,,,1.0,True,,,,,,
results-with-vgs,3_triangulation_subdivide_3,case_029.txt,50,1032578062.0,360.040214196,0.002508722286032298,360.033808001,360.049876322,5,3.4869022456725405e-07,7.688288278899133e-10,2867875.06372185,6314.0020271108615,3.486808672834268e-07,,,1.0,True,,,,,,
results-with-vgs,3_triangulation_subdivide_3,case_016.txt,40,1060091180.0,360.025491332,0.02390659734539223,360.008629809,360.042922707,5,3.396339197039636e-07,5.232351108955994e-09,2944346.668529556,44893.6843950343,3.396174764249996e-07,,,1.0,True,,,,,,
results-with-vgs,3_triangulation_subdivide_3,case_015.txt,40,1060260350.0,360.015592619,0.011305560369604211,360.005290569,360.036396006,5,3.395539525919271e-07,6.072755157940694e-09,2945040.080866887,53313.71077148308,3.395539525919271e-07,,,1.0,True,,,,,,
results-with-vgs,3_triangulation_subdivide_3,case_021.txt,43,1061420402.0,360.036601122,0.006483615881392302,360.022559922,360.046216413,5,3.392116975842716e-07,5.345747321707258e-09,2948011.5430027773,46957.81038673262,3.392026386939564e-07,,,1.0,True,,,,,,
results-with-vgs,3_triangulation_subdivide_3,case_007.txt,33,1061614087.0,360.012759845,0.011346945665983661,360.00372515,360.027574152,5,3.3910978533388656e-07,3.1897279747249127e-10,2948897.5053179394,2772.027649164453,3.3911829567216357e-07,,,1.0,True,,,,,,
results-with-vgs,3_triangulation_subdivide_3,case_003.txt,22,1064869270.0,360.02412369,0.0068153431836024195,360.003619582,360.031413065,5,3.380730665483473e-07,6.826648780033865e-09,2957940.4541443754,60553.89717630436,3.38092321595495e-07,,,1.0,True,,,,,,
results-with-vgs,3_triangulation_subdivide_3,case_019.txt,39,1066117655.0,360.039802453,0.003937057643431933,360.00485278,360.042457962,5,3.3767835200140273e-07,3.709682237012312e-09,2961398.011074888,32776.32903072862,3.3771113419278285e-07,,,1.0,True,,,,,,
results-with-vgs,3_triangulation_subdivide_3,case_012.txt,36,1075370514.0,360.025209995,0.01019123376184982,360.017795991,360.042188001,5,3.3478538923562116e-07,1.7943395312663569e-09,2986988.178555792,16002.30775242507,3.3479178135155753e-07,,,1.0,True,,,,,,
results-with-vgs,3_triangulation_subdivide_3,case_017.txt,40,1078187419.0,360.019730323,0.026433654945556155,360.001901067,360.044019208,5,3.33895475613039e-07,1.0339727910103518e-09,2994949.2372245514,9255.11629300694,3.339120119365815e-07,,,1.0,True,,,,,,
results-with-vgs,3_triangulation_subdivide_3,case_008.txt,33,1082295093.0,360.01863737,0.006317045771399898,360.004753232,360.041667478,5,3.3264763047299525e-07,1.2544748161742765e-09,3006184.04699919,11308.104102142624,3.3264369366405323e-07,,,1.0,True,,,,,,
results-with-vgs,3_triangulation_subdivide_3,case_002.txt,19,1096912072.0,360.016729174,0.01812660266759359,360.004502948,360.04965626,5,3.2819814107032636e-07,1.4703225375809972e-09,3046939.8660784,13691.61499619791,3.282092871104804e-07,,,1.0,True,,,,,,
results-with-vgs,3_triangulation_subdivide_3,case_022.txt,43,1101947168.0,360.041260208,0.0053242997765972746,360.024568858,360.044851399,5,3.2673187123976525e-07,4.0540596499736885e-09,3060613.573464865,37660.635108580966,3.2673187123976525e-07,,,1.0,True,,,,,,
results-with-vgs,3_triangulation_subdivide_3,case_023.txt,43,1102874259.0,360.027368628,0.00286009996857224,360.025439517,360.035425793,5,3.2644462021848673e-07,2.724414461534324e-10,3063306.7236050884,2555.1108424181257,3.2644462021848673e-07,,,1.0,True,,,,,,
results-with-vgs,3_triangulation_subdivide_3,case_005.txt,29,1109165454.0,360.026903214,0.018253053621616493,360.014061,360.047361186,5,3.2460370401150273e-07,6.622393172394906e-10,3080679.572173224,6276.402898243572,3.245926042103363e-07,,,1.0,True,,,,,,
results-with-vgs,3_triangulation_subdivide_3,case_009.txt,33,1121639206.0,360.039853659,0.009972700004345391,360.00991759,360.046580153,5,3.2096766559531264e-07,9.860173907807926e-09,3115578.63046814,97736.17187815599,3.2099435516611215e-07,,,1.0,True,,,,,,
results-with-vgs,3_triangulation_subdivide_3,case_025.txt,46,1146765174.0,360.035226899,0.01150602271559869,360.026410562,360.0441144,5,3.1394955019971685e-07,4.449284478455647e-09,3185225.1400387636,44713.513544555026,3.1395723820524744e-07,,,1.0,True,,,,,,
results-with-vgs,4_halin,case_001.txt,4,1.0,2.415e-06,3.750977999999999e-07,2.147e-06,4.587e-06,5,2.415e-06,3.750977999999999e-07,414078.67494824016,58215.89205397302,2.415e-06,217088.0,54272.0,0.0,False,,,,,,
results-with-vgs,4_halin,case_002.txt,6,8.0,1.4418e-05,2.5812065999999985e-06,1.0771e-05,1.6904e-05,5,1.80225e-06,3.226508249999998e-07,554861.9780829519,88632.55151412643,1.80225e-06,212992.0,35498.666667,0.0,False,,,,,,
results-with-vgs,4_halin,case_003.txt,7,20.0,3.069e-05,7.356661199999996e-06,2.5511e-05,3.648e-05,5,1.5344999999999999e-06,3.678330599999997e-07,651678.0710329098,153348.96074497112,1.5344999999999999e-06,217088.0,31012.571429,0.0,False,,,,,,
results-with-vgs,4_halin,case_004.txt,8,100.0,0.000126575,3.4715079000000005e-05,9.1441e-05,0.000184568,5,1.26575e-06,3.4715078999999983e-07,790045.4276120877,265863.6044313921,1.26575e-06,278528.0,34816.0,0.0,False,,,,,,
results-with-vgs,4_halin,case_006.txt,9,224.0,0.000276713,4.011767340000002e-05,0.000163844,0.000306761,5,1.2353258928571429e-06,1.7909675625000007e-07,809502.9868491903,106907.07650060013,1.2353258928571429e-06,278528.0,30947.555556,0.0,False,,,,,,
results-with-vgs,4_halin,case_005.txt,9,280.0,0.000366669,3.27610122e-05,0.000317311,0.000410022,5,1.309532142857143e-06,1.1700361499999987e-07,763631.5041631553,64350.640293115954,1.309532142857143e-06,282624.0,31402.666667,0.0,False,,,,,,
results-with-vgs,4_halin,case_010.txt,9,280.0,0.000312638,3.3831449399999976e-05,0.000188415,0.000335457,5,1.1165642857142857e-06,1.2082660499999986e-07,895604.5010523353,90323.34504799219,1.1165642857142857e-06,217088.0,24120.888889,0.0,False,,,,,,
results-with-vgs,4_halin,case_014.txt,10,672.0,0.000822562,0.0001003141986,0.000507679,0.000890223,5,1.2240505952380951e-06,1.4927708125000008e-07,816959.6942236574,92058.57073401533,1.2240505952380951e-06,217088.0,21708.8,0.0,False,,,,,,
results-with-vgs,4_halin,case_011.txt,10,840.0,0.000863625,6.146266560000006e-05,0.000822169,0.001355222,5,1.028125e-06,7.316983999999996e-08,972644.3768996961,72711.71265896235,1.028125e-06,217088.0,21708.8,0.0,False,,,,,,
results-with-vgs,4_halin,case_018.txt,10,840.0,0.000838923,6.770292899999994e-05,0.000788032,0.001110851,5,9.987178571428571e-07,8.059872499999988e-08,1001283.788857857,85457.49966075903,9.987178571428571e-07,217088.0,21708.8,0.0,False,,,,,,
results-with-vgs,4_halin,case_008.txt,10,1400.0,0.000965614,0.00010466414700000001,0.000839994,0.001551785,5,6.897242857142857e-07,7.476010500000004e-08,1449854.7038464646,146445.172597447,6.897242857142857e-07,278528.0,27852.8,0.0,False,,,,,,
results-with-vgs,4_halin,case_007.txt,10,1568.0,0.001166424,0.00021552852720000022,0.001021052,0.001526231,5,7.438928571428572e-07,1.3745441785714293e-07,1344279.6101589128,223366.711221315,7.438928571428572e-07,151552.0,15155.2,0.0,False,,,,,,
results-with-vgs,4_halin,case_009.txt,10,1750.0,0.001184746,0.00014123395859999986,0.001089485,0.002245712,5,6.769977142857143e-07,8.070511919999987e-08,1477109.8615230606,191483.1989701551,6.769977142857143e-07,282624.0,28262.4,0.0,False,,,,,,
results-with-vgs,4_halin,case_012.txt,11,4200.0,0.003420543,0.0002622674922000001,0.003049017,0.003631196,5,8.14415e-07,6.244464099999994e-08,1227875.2233198064,89516.92190963593,8.14415e-07,282624.0,25693.090909,0.0,False,,,,,,
results-with-vgs,4_halin,case_016.txt,11,4200.0,0.00239179,0.00012225816120000024,0.002309328,0.002940843,5,5.694738095238095e-07,2.9109086000000024e-08,1756007.007304153,92964.78792415842,5.694738095238095e-07,278528.0,25320.727273,0.0,False,,,,,,
results-with-vgs,4_halin,case_019.txt,11,4200.0,0.003139611,0.00017643384779999984,0.00299096,0.00382952,5,7.475264285714286e-07,4.200805899999986e-08,1337745.344885083,72430.6587323978,7.475264285714286e-07,278528.0,25320.727273,0.0,False,,,,,,
results-with-vgs,4_halin,case_015.txt,11,4704.0,0.00389197,0.00026208958020000053,0.003264257,0.004068747,5,8.273745748299319e-07,5.571632232142871e-08,1208642.4098849683,77855.06983321098,8.273745748299319e-07,217088.0,19735.272727,0.0,False,,,,,,
results-with-vgs,4_halin,case_017.txt,11,4704.0,0.003095859,0.0001307371505999995,0.003007678,0.003488637,5,6.581332908163265e-07,2.779276160714269e-08,1519449.0446754843,66047.10962502129,6.581332908163265e-07,282624.0,25693.090909,0.0,False,,,,,,
results-with-vgs,4_halin,case_013.txt,11,5250.0,0.004115427,0.00034745768819999956,0.00388107,0.005093876,5,7.838908571428571e-07,6.618241679999987e-08,1275687.7961873703,105425.82354920257,7.838908571428571e-07,159744.0,14522.181818,0.0,False,,,,,,
results-with-vgs,4_halin,case_020.txt,12,10560.0,0.006836533,0.0003358474475999992,0.006519574,0.007161077,5,6.473989583333333e-07,3.1803735568181644e-08,1544642.5841870434,78481.65203962507,6.473989583333333e-07,278528.0,23210.666667,0.0,False,,,,,,
results-with-vgs,4_halin,case_024.txt,12,10560.0,0.009393343,0.0009383879483999999,0.00862103,0.010081373,5,8.895211174242424e-07,8.886249511363635e-08,1124200.4044779371,105217.13205694425,8.895211174242424e-07,278528.0,23210.666667,0.0,False,,,,,,
results-with-vgs,4_halin,case_022.txt,12,13200.0,0.007838415,0.0002604957851999997,0.007618535,0.008560758,5,5.938193181818182e-07,1.9734529181818246e-08,1684013.923733306,57248.46139358748,5.938193181818182e-07,217088.0,18090.666667,0.0,False,,,,,,
results-with-vgs,4_halin,case_023.txt,12,13200.0,0.007062754,0.00015040087440000002,0.00696131,0.008232287,5,5.350571212121213e-07,1.1394005636363671e-08,1868959.3322944562,40379.34207715594,5.350571212121213e-07,217088.0,18090.666667,0.0,False,,,,,,
results-with-vgs,4_halin,case_031.txt,12,13200.0,0.007431703,7.455105839999911e-05,0.007381419,0.008391727,5,5.63007803030303e-07,5.6478074545453916e-09,1776174.316976876,17939.054162014334,5.63007803030303e-07,217088.0,18090.666667,0.0,False,,,,,,
results-with-vgs,4_halin,case_026.txt,12,14784.0,0.006589591,0.0004412573423999997,0.006291967,0.007354534,5,4.4572449945887445e-07,2.9846952272727245e-08,2243538.331893436,157339.9482075839,4.4572449945887445e-07,278528.0,23210.666667,0.0,False,,,,,,
results-with-vgs,4_halin,case_027.txt,12,16500.0,0.010886088,0.00044002085399999985,0.010496427,0.01165517,5,6.597629090909091e-07,2.6667930545454544e-08,1515695.9965783851,62982.253102972776,6.597629090909091e-07,278528.0,23210.666667,0.0,False,,,,,,
results-with-vgs,4_halin,case_040.txt,13,48048.0,0.041053701,0.0013706088438000005,0.040129238,0.044504118,5,8.544310064935064e-07,2.8525825087412653e-08,1170369.5118742157,39973.81668420148,8.544310064935064e-07,217088.0,16699.076923,0.0,False,,,,,,
results-with-vgs,4_halin,case_025.txt,13,73920.0,0.05107233,0.0006510897203999957,0.049697875,0.102397969,5,6.909135551948052e-07,8.808031931818155e-09,1447359.0689909782,18611.524814239016,6.909135551948052e-07,278528.0,21425.230769,0.0,False,,,,,,
results-with-vgs,4_halin,case_028.txt,13,73920.0,0.037858759,0.0004011040865999987,0.037321908,0.039299882,5,5.121585362554112e-07,5.426191647727258e-09,1952520.419383002,20835.35642430473,5.121585362554112e-07,278528.0,21425.230769,0.0,False,,,,,,
results-with-vgs,4_halin,case_021.txt,13,92400.0,0.064577612,0.001995458026800002,0.063231694,0.06970895,5,6.988919047619048e-07,2.1595866090909033e-08,1430836.4329111455,45154.16027112037,6.988919047619048e-07,278528.0,21425.230769,0.0,False,,,,,,
results-with-vgs,4_halin,case_030.txt,13,92400.0,0.055019282,0.0006366536441999917,0.053540404,0.055448699,5,5.954467748917749e-07,6.890190954545375e-09,1679411.2289578768,19282.74780669632,5.954467748917749e-07,282624.0,21740.307692,0.0,False,,,,,,
results-with-vgs,4_halin,case_035.txt,14,171600.0,0.089449687,0.0004541070366000003,0.089143396,0.092484974,5,5.212685722610723e-07,2.6463114020979527e-09,1918396.874882301,9772.541309459544,5.212685722610723e-07,278528.0,19894.857143,0.0,False,,,,,,
results-with-vgs,4_halin,case_042.txt,14,192192.0,0.132098042,0.00336302161019998,0.129829715,0.142164678,5,6.873233121045621e-07,1.7498239313811154e-08,1454919.3696603014,37687.2527315192,6.873233121045621e-07,278528.0,19894.857143,0.0,False,,,,,,
results-with-vgs,4_halin,case_039.txt,14,214500.0,0.149968623,0.002153089541399991,0.146802997,0.151420862,5,6.991544195804195e-07,1.0037713479720326e-08,1430299.189984561,20337.767110509492,6.991544195804195e-07,217088.0,15506.285714,0.0,False,,,,,,
results-with-vgs,4_halin,case_033.txt,14,240240.0,0.144969262,0.005239087341599989,0.141435546,0.152479693,5,6.034351565101565e-07,2.1807722867132844e-08,1657178.8852729348,61385.593410868685,6.034351565101565e-07,217088.0,15506.285714,0.0,False,,,,,,
results-with-vgs,4_halin,case_037.txt,14,240240.0,0.154611332,0.003387032317200016,0.151733402,0.17153798,5,6.43570313020313e-07,1.409853611888125e-08,1553831.7721756643,33543.76991919179,6.43570313020313e-07,217088.0,15506.285714,0.0,False,,,,,,
results-with-vgs,4_halin,case_032.txt,14,288288.0,0.193670611,0.003705800212800001,0.177980354,0.196170139,5,6.717956037018537e-07,1.2854507342657272e-08,1488547.99657755,28119.7816884868,6.717956037018537e-07,217088.0,15506.285714,0.0,False,,,,,,
results-with-vgs,4_halin,case_036.txt,14,288288.0,0.189586368,0.0014421546719999739,0.187871323,0.202501373,5,6.576283716283717e-07,5.002479020978935e-09,1520615.6594550088,11620.210152377573,6.576283716283717e-07,278528.0,19894.857143,0.0,False,,,,,,
results-with-vgs,4_halin,case_041.txt,14,288288.0,0.112484424,0.0025176727421999954,0.110786277,0.118415653,5,3.9018073593073593e-07,8.733186057692259e-09,2562914.8441032157,58243.50288058126,3.9018073593073593e-07,278528.0,19894.857143,0.0,False,,,,,,
results-with-vgs,4_halin,case_038.txt,14,300300.0,0.185465292,0.000619843925399982,0.180120344,0.185883371,5,6.1760003996004e-07,2.064082335664206e-09,1619170.8796921421,5399.263143133571,6.1760003996004e-07,217088.0,15506.285714,0.0,False,,,,,,
results-with-vgs,4_halin,case_029.txt,14,443520.0,0.267884032,0.0007234554264000109,0.265280332,0.268371996,5,6.039953823953824e-07,1.6311675378787322e-09,1655641.796521862,4463.144663828326,6.039953823953824e-07,159744.0,11410.285714,0.0,False,,,,,,
results-with-vgs,4_halin,case_043.txt,15,715000.0,0.381095732,0.003165517051199992,0.375446293,0.391499879,5,5.330010237762238e-07,4.427296575104859e-09,1876169.004170322,15497.30421394285,5.330010237762238e-07,217088.0,14472.533333,0.0,False,,,,,,
results-with-vgs,4_halin,case_045.txt,15,800800.0,0.346546401,0.016002383795999966,0.334895972,0.3694341,5,4.32750250999001e-07,1.9982996748251673e-08,2310801.6637575757,110135.55083016849,4.32750250999001e-07,217088.0,14472.533333,0.0,False,,,,,,
results-with-vgs,4_halin,case_049.txt,15,1001000.0,0.905341228,0.10457965955639989,0.832506569,0.976876795,5,9.044367912087912e-07,1.0447518437202781e-07,1105660.4615381549,118487.6055111665,9.044367912087912e-07,282624.0,18841.6,0.0,False,,,,,,
results-with-vgs,4_halin,case_034.txt,15,1072500.0,0.72639724,0.006340611698399881,0.711455863,0.737316654,5,6.772934638694639e-07,5.911992259580263e-09,1476464.8610173683,12812.405181771566,6.772934638694639e-07,278528.0,18568.533333,0.0,False,,,,,,
results-with-vgs,4_halin,case_065.txt,16,1944800.0,1.647923993,0.1938512576532001,1.492799471,1.778674875,5,8.473488240436035e-07,9.967670590970796e-08,1180151.516854576,128620.38980766009,8.473488240436035e-07,278528.0,17408.0,0.0,False,,,,,,
results-with-vgs,4_halin,case_056.txt,16,2178176.0,0.904937874,0.009466252740000038,0.898552974,0.929475005,5,4.154567280146324e-07,4.3459540184080326e-09,2406989.5432401802,25357.6272274951,4.154567280146324e-07,282624.0,17664.0,0.0,False,,,,,,
results-with-vgs,4_halin,case_044.txt,16,3203200.0,1.805626143,0.038102905990799955,1.773937264,1.851451181,5,5.636944752122877e-07,1.18952628592657e-08,1774010.6457906996,37976.2740896293,5.636944752122877e-07,282624.0,17664.0,0.0,False,,,,,,
results-with-vgs,4_halin,case_051.txt,16,4004000.0,2.899058703,0.010042803262799847,2.887550121,2.974619787,5,7.240406351148852e-07,2.508192623076761e-09,1381137.9520727145,4773.329784888009,7.240406351148852e-07,278528.0,17408.0,0.0,False,,,,,,
results-with-vgs,4_halin,case_048.txt,16,5005000.0,2.723371141,0.04056718141139964,2.696008952,2.794754957,5,5.441300981018981e-07,8.105330951328546e-09,1837795.7835604458,27653.541318360432,5.441300981018981e-07,278528.0,17408.0,0.0,False,,,,,,
results-with-vgs,4_halin,case_046.txt,16,5605600.0,3.27522321,0.03223326442140019,3.253482171,3.40862501,5,5.842770104895105e-07,5.750189885364685e-09,1711516.9381081664,16956.53307077709,5.842770104895105e-07,278528.0,17408.0,0.0,False,,,,,,
results-with-vgs,4_halin,case_047.txt,16,5605600.0,3.071871705,0.021026918161199927,3.055488118,3.110503816,5,5.480005182317682e-07,3.751055758741262e-09,1824815.7925592794,12433.434493701276,5.480005182317682e-07,151552.0,9472.0,0.0,False,,,,,,
results-with-vgs,4_halin,case_063.txt,17,7779200.0,4.838674152,0.053695496181600647,4.802457036,4.93522848,5,6.220015106951872e-07,6.902444490641772e-09,1607713.1370345682,17975.58082532085,6.220015106951872e-07,278528.0,16384.0,0.0,False,,,,,,
results-with-vgs,4_halin,case_052.txt,17,13613600.0,6.974451896,0.131317772342399,6.885879272,7.504818875,5,5.123150302638538e-07,9.64607248210609e-09,1951923.9938851248,37224.33991849858,5.123150302638538e-07,217088.0,12769.882353,0.0,False,,,,,,
results-with-vgs,4_halin,case_062.txt,17,13613600.0,7.999925178,0.08801984781240074,7.910135483,8.059293752,5,5.876421503496503e-07,6.465582051213547e-09,1701715.9157235308,18585.347616192146,5.876421503496503e-07,278528.0,16384.0,0.0,False,,,,,,
results-with-vgs,4_halin,case_064.txt,17,13613600.0,6.676103212,0.03761783337060002,6.512310871,6.745457086,5,4.903995425163073e-07,2.7632539056973297e-09,2039153.6151703221,11533.852237999203,4.903995425163073e-07,217088.0,12769.882353,0.0,False,,,,,,
results-with-vgs,4_halin,case_068.txt,17,13613600.0,10.442934683,0.38079417455519854,9.877163441,10.699776835,5,7.670957485896457e-07,2.7971600058412016e-08,1303618.2273706556,46394.44677041444,7.670957485896457e-07,282624.0,16624.941176,0.0,False,,,,,,
results-with-vgs,4_halin,case_061.txt,17,15247232.0,8.793961097,0.026249735450400453,8.735805071,8.811666301,5,5.767578729699923e-07,1.7216066136069417e-09,1733829.8216035422,5165.036053163426,5.767578729699923e-07,217088.0,12769.882353,0.0,False,,,,,,
results-with-vgs,4_halin,case_053.txt,17,17017000.0,9.4196087,0.07471280412959815,9.369215604,9.6181306,5,5.535410883234413e-07,4.390480350802064e-09,1806550.6266730593,14405.951237070583,5.535410883234413e-07,217088.0,12769.882353,0.0,False,,,,,,
results-with-vgs,4_halin,case_055.txt,17,20420400.0,13.838892245,0.4453440003138014,13.521267425,14.178573589,5,6.776993714618714e-07,2.1808779471205215e-08,1475580.5333608189,48538.63893362647,6.776993714618714e-07,217088.0,12769.882353,0.0,False,,,,,,
results-with-vgs,4_halin,case_059.txt,17,20420400.0,19.972308035,0.9813731733162041,19.310380898,21.281267175,5,9.780566509470922e-07,4.805846963410138e-08,1022435.662629214,51961.21899646246,9.780566509470922e-07,282624.0,16624.941176,0.0,False,,,,,,
results-with-vgs,4_halin,case_060.txt,17,20420400.0,13.146693189,0.12618301852799893,13.023897944,13.586623468,5,6.438019426162073e-07,6.179262821883985e-09,1553272.728467262,14812.54288177343,6.438019426162073e-07,159744.0,9396.705882,0.0,False,,,,,,
results-with-vgs,4_halin,case_050.txt,17,28028000.0,15.536769704,0.07366935766260117,15.385371792,15.666633473,5,5.543303019837306e-07,2.6284200678820454e-09,1803978.596193267,8526.500109871411,5.543303019837306e-07,217088.0,12769.882353,0.0,False,,,,,,
results-with-vgs,4_halin,case_073.txt,18,52672256.0,34.878119121,0.8530351615883994,34.302754787,36.192940893,5,6.621724940165843e-07,1.619515142067201e-08,1510180.5179708276,37554.91622098822,6.621724940165843e-07,217088.0,12060.444444,0.0,False,,,,,,
results-with-vgs,4_halin,case_079.txt,18,58786000.0,29.632290185,0.4222381478153984,29.041583726,30.701974466,5,5.040705301432314e-07,7.1826310314597975e-09,1983849.3627386838,28542.705126784047,5.040705301432314e-07,282624.0,15701.333333,0.0,False,,,,,,
results-with-vgs,4_halin,case_057.txt,18,68068000.0,31.120931192,0.449964001338599,30.712973615,31.633135646,5,4.572035492742552e-07,6.61050715958449e-09,2187209.617220505,31318.48887962159,4.572035492742552e-07,217088.0,12060.444444,0.0,False,,,,,,
results-with-vgs,4_halin,case_077.txt,18,70543200.0,58.737457876,0.21787593667560354,58.59050257,61.144959207,5,8.326452142233412e-07,3.088546262086323e-09,1200991.7104162555,4466.034295130913,8.326452142233412e-07,278528.0,15473.777778,0.0,False,,,,,,
results-with-vgs,4_halin,case_069.txt,18,81681600.0,36.220479103,1.5794014136334047,35.155187444,39.235013726,5,4.4343498539450747e-07,1.933607340739409e-08,2255122.019996545,101314.86034520455,4.4343498539450747e-07,278528.0,15473.777778,0.0,False,,,,,,
results-with-vgs,4_halin,case_066.txt,18,95295200.0,66.30412207,1.8568793454959966,64.436132372,80.310202946,5,6.957760943888045e-07,1.948554959217247e-08,1437243.9755614728,39504.501952563725,6.957760943888045e-07,282624.0,15701.333333,0.0,False,,,,,,
results-with-vgs,4_halin,case_070.txt,18,102102000.0,56.011359296,4.167399882811208,53.061301033,59.640643996,5,5.48582391099097e-07,4.081604555063765e-08,1822880.2386392276,142793.25962346874,5.48582391099097e-07,217088.0,12060.444444,0.0,False,,,,,,
results-with-vgs,4_halin,case_067.txt,18,106730624.0,72.179398485,2.76658636724398,70.313361545,80.654988982,5,6.762763654881283e-07,2.5921204838491232e-08,1478685.4177259498,58181.131270547194,6.762763654881283e-07,278528.0,15473.777778,0.0,False,,,,,,
results-with-vgs,4_halin,case_058.txt,18,114354240.0,91.470170658,3.231526161591008,88.337219887,98.098655075,5,7.998843825817041e-07,2.8258909871562326e-08,1250180.6783280398,45245.46210773609,7.998843825817041e-07,159744.0,8874.666667,0.0,False,,,,,,
results-with-vgs,4_halin,case_075.txt,19,235144000.0,148.562971572,1.7224506424692168,147.40119453,159.388375073,5,6.317957148470725e-07,7.325088637044673e-09,1582790.0957543724,18495.629062023494,6.317957148470725e-07,278528.0,14659.368421,0.0,False,,,,,,
results-with-vgs,4_halin,case_071.txt,19,263361280.0,204.527636678,1.514566286708988,203.506075713,219.395787421,5,7.766048094769284e-07,5.750907220336322e-09,1287656.2027391207,9583.206136266783,7.766048094769284e-07,151552.0,7976.421053,0.0,False,,,,,,
results-with-vgs,4_halin,case_078.txt,19,282172800.0,184.223815825,2.517810773742615,181.584167502,187.159156734,5,6.528758825265936e-07,8.92293932562827e-09,1531684.6995941328,20742.52147980633,6.528758825265936e-07,282624.0,14874.947368,0.0,False,,,,,,
results-with-vgs,4_halin,case_080.txt,22,358290865.0,360.017813313,0.01045479704642438,360.001677396,360.026232236,5,1.004819698928132e-06,1.7514650419972004e-08,995203.4191474617,17145.45670769594,1.004819961884878e-06,,,1.0,True,,,,,,
results-with-vgs,4_halin,case_100.txt,21,433093147.0,360.023830567,0.002060704287602448,360.02089747,360.027612293,5,8.312937177299645e-07,2.6404416922609827e-09,1202944.2526412038,3829.12029228856,8.312849858300806e-07,,,1.0,True,,,,,,
results-with-vgs,4_halin,case_084.txt,20,494616896.0,360.009742305,0.010470734996342003,360.002679891,360.046483894,5,7.278557308018042e-07,3.3072218646024715e-09,1373898.6418344227,6261.894747566569,7.278557308018042e-07,,,1.0,True,,,,,,
results-with-vgs,4_halin,case_091.txt,22,516748579.0,360.046121075,0.0005176483073813074,360.045771926,360.046682973,5,6.967537262777842e-07,2.435869876809487e-09,1435227.3440175566,5029.453264474393,6.967529969250287e-07,,,1.0,True,,,,,,
results-with-vgs,4_halin,case_098.txt,22,524864149.0,360.02500222,0.006291304870208591,360.012181383,360.029538151,5,6.8593940528409e-07,1.498568643778257e-09,1457854.7205431915,3189.668618140662,6.8593940528409e-07,,,1.0,True,,,,,,
results-with-vgs,4_halin,case_097.txt,23,535426311.0,360.03362621,0.014790460595443039,360.011161347,360.047757123,5,6.72424232454277e-07,3.901124713523126e-09,1487156.3987961977,8661.755091046924,6.72424232454277e-07,,,1.0,True,,,,,,
results-with-vgs,4_halin,case_083.txt,22,536238784.0,360.015553854,0.01953745075802642,360.002376024,360.046089053,5,6.713607351906869e-07,5.356529916494574e-08,1489512.1915581934,112773.55476300688,6.713717183388213e-07,,,1.0,True,,,,,,
results-with-vgs,4_halin,case_088.txt,21,539723656.0,360.020655075,0.01023762728099067,360.00979313,360.02756026,5,6.670590704291827e-07,5.233000371033067e-09,1499117.6109135353,11698.501985592371,6.670462765022847e-07,,,1.0,True,,,,,,
results-with-vgs,4_halin,case_092.txt,22,540916936.0,360.017503191,0.008354907640834902,360.00633275,360.031355363,5,6.65579342294803e-07,1.2697312647205226e-09,1502450.4765309757,2869.930140085885,6.65568924229431e-07,,,1.0,True,,,,,,
results-with-vgs,4_halin,case_093.txt,23,546852172.0,360.030154808,0.021495523543206843,360.005773566,360.047551735,5,6.583785570645954e-07,5.366536751362214e-10,1518883.0032049282,1238.7440670190758,6.583683365309922e-07,,,1.0,True,,,,,,
results-with-vgs,4_halin,case_054.txt,19,555129290.0,360.042208967,0.0067524379481753265,360.001060946,360.046763424,5,6.485736124047787e-07,1.3868475449325521e-08,1541845.0286501849,33451.797809295356,6.485736124047787e-07,,,1.0,True,,,,,,
results-with-vgs,4_halin,case_095.txt,23,555492629.0,360.016968919,0.021483609369527028,360.001592401,360.045493453,5,6.48097810675e-07,8.007794287909271e-10,1542976.9758957997,1904.8904884429596,6.481039533631688e-07,,,1.0,True,,,,,,
results-with-vgs,4_halin,case_085.txt,21,588869844.0,360.025477303,0.008275615227637216,360.005019666,360.040594812,5,6.114094625161346e-07,1.5419898734297214e-09,1635565.13483566,4131.964767997064,6.11383790444192e-07,,,1.0,True,,,,,,
results-with-vgs,4_halin,case_076.txt,21,605766820.0,360.022174434,0.019628298555537285,360.003593998,360.03858885,5,5.943517818456944e-07,1.720066422351741e-08,1682505.261269024,47759.78592776771,5.94324684924143e-07,,,1.0,True,,,,,,
results-with-vgs,4_halin,case_094.txt,24,616563972.0,360.016831032,0.014487980543424645,360.001314797,360.047939928,5,5.839083167058617e-07,6.895880210140106e-10,1712597.631151297,2020.945401632857,5.839083167058617e-07,,,1.0,True,,,,,,
results-with-vgs,4_halin,case_072.txt,20,640317585.0,360.031241202,0.009439423610372023,360.017252094,360.041129992,5,5.622479540273753e-07,1.6983456033768458e-08,1778574.7246157357,54841.57979322864,5.622698011674941e-07,,,1.0,True,,,,,,
results-with-vgs,4_halin,case_087.txt,22,641985576.0,360.010966933,0.004732567429769904,360.003699333,360.039365991,5,5.607773451486393e-07,1.8156020668619151e-09,1783238.9426055374,5786.143267846973,5.607773451486393e-07,,,1.0,True,,,,,,
results-with-vgs,4_halin,case_096.txt,22,644818635.0,360.027923868,0.017272693267195743,360.007317318,360.03957414,5,5.583210625542793e-07,6.470909726480272e-10,1791084.1396974544,2074.234954764144,5.583398250703471e-07,,,1.0,True,,,,,,
results-with-vgs,4_halin,case_089.txt,21,655704672.0,360.031276362,0.016791736344595288,360.001042707,360.044237634,5,5.490926290563323e-07,4.74679572743848e-09,1821186.3483190346,15836.128866692557,5.490753562329354e-07,,,1.0,True,,,,,,
results-with-vgs,4_halin,case_081.txt,20,677542810.0,360.010995847,0.006275187525565514,360.002326252,360.017381277,5,5.313573931616219e-07,1.2227735744290897e-08,1881972.496985343,43991.25774882819,5.313479687682023e-07,,,1.0,True,,,,,,
results-with-vgs,4_halin,case_086.txt,21,679043930.0,360.032897704,0.013361121517839364,360.001864011,360.041909657,5,5.302056049657936e-07,1.5841362378384504e-09,1886060.7859181636,5623.796252706123,5.302056049657936e-07,,,1.0,True,,,,,,
results-with-vgs,4_halin,case_074.txt,20,831085643.0,360.011362149,0.011560182093581624,360.001102877,360.022922276,5,4.3319000197311796e-07,2.672656819165465e-09,2308455.8633512873,14183.48061380333,4.331820254401868e-07,,,1.0,True,,,,,,
results-with-vgs,4_halin,case_082.txt,21,841864081.0,360.019946054,0.0047669741280092805,360.003888797,360.034541247,5,4.2764616543130553e-07,2.129405191314821e-08,2338381.7764189304,120482.96151686618,4.2764616543130553e-07,,,1.0,True,,,,,,
results-with-vgs,4_halin,case_099.txt,21,890444106.0,360.031973163,0.009831212521195174,360.025342101,360.05040195,5,4.043285487960768e-07,4.126346502199706e-10,2473236.1911558965,2525.7823743630565,4.043285487960768e-07,,,1.0,True,,,,,,
results-with-vgs,4_halin,case_090.txt,21,902896692.0,360.034731552,0.016095307233559366,360.000887884,360.047906545,5,3.9876977037922293e-07,8.523954376207985e-10,2507712.655974443,5368.132947326198,3.9875517846287554e-07,,,1.0,True,,,,,,
results-with-vgs,5_cycles,case_001.txt,3,1.0,1.968e-06,2.6686799999999995e-07,1.337e-06,4.056e-06,5,1.968e-06,2.6686799999999995e-07,508130.081300813,74452.0366057931,1.968e-06,278528.0,92842.666667,0.0,False,,,,,,
results-with-vgs,5_cycles,case_002.txt,4,2.0,5.599e-06,7.072001999999998e-07,4.297e-06,6.378e-06,5,2.7995e-06,3.536000999999999e-07,357206.64404357923,49319.91606968914,2.7995e-06,212992.0,53248.0,0.0,False,,,,,,
results-with-vgs,5_cycles,case_003.txt,5,10.0,2.0498e-05,4.719115799999999e-06,1.4762e-05,2.3681e-05,5,2.0498e-06,4.7191157999999996e-07,487852.4734120402,97218.54293939608,2.0498e-06,217088.0,43417.6,0.0,False,,,,,,
results-with-vgs,5_cycles,case_004.txt,6,68.0,0.000117098,1.1493115199999984e-05,0.000109346,0.00012968,5,1.7220294117647058e-06,1.6901639999999982e-07,580710.1743838495,59580.736634921595,1.7220294117647058e-06,278528.0,46421.333333,0.0,False,,,,,,
results-with-vgs,5_cycles,case_005.txt,7,546.0,0.00044718,4.8028827000000004e-05,0.000414785,0.000535749,5,8.190109890109889e-07,8.796488461538455e-08,1220984.8383201396,140826.90004300346,8.190109890109889e-07,282624.0,40374.857143,0.0,False,,,,,,
results-with-vgs,5_cycles,case_006.txt,8,4872.0,0.002935882,0.0001227044238,0.002648146,0.003782017,5,6.026030377668309e-07,2.5185637068965484e-08,1659467.240168372,67455.42172724381,6.026030377668309e-07,278528.0,34816.0,0.0,False,,,,,,
results-with-vgs,5_cycles,case_007.txt,9,46782.0,0.024918415,0.001286638827599998,0.024050589,0.026480619,5,5.326496301996494e-07,2.7502860664357974e-08,1877406.7291198096,97246.19403933652,5.326496301996494e-07,278528.0,30947.555556,0.0,False,,,,,,
results-with-vgs,5_cycles,case_008.txt,10,474180.0,0.242489796,0.0004917428376000044,0.240751817,0.242821472,5,5.113876502593951e-07,1.0370383348096466e-09,1955463.7259870514,3960.0504581437553,5.113876502593951e-07,278528.0,27852.8,0.0,False,,,,,,
results-with-vgs,5_cycles,case_009.txt,11,5010456.0,2.607708206,0.004795795872000036,2.593542488,2.635674605,5,5.204532693231913e-07,9.571575664968936e-10,1921402.091104974,3538.009607894157,5.204532693231913e-07,282624.0,25693.090909,0.0,False,,,,,,
results-with-vgs,5_cycles,case_010.txt,12,54721224.0,24.369503809,0.016131278074801747,24.358623411,24.500439093,5,4.4533915778272795e-07,2.947901544526514e-10,2245479.6137371776,1487.0485679470821,4.4533915778272795e-07,217088.0,18090.666667,0.0,False,,,,,,
results-with-vgs,5_cycles,case_011.txt,13,613912182.0,276.917324359,0.6374496892050098,276.487370434,277.61187447,5,4.510699290195874e-07,1.0383401859340048e-09,2216951.1547212354,5111.245487782717,4.510699290195874e-07,217088.0,16699.076923,0.0,False,,,,,,
results-with-vgs,5_cycles,case_033.txt,35,646909505.0,360.018661451,0.006272834639386792,360.014430482,360.044708673,5,5.565209023339362e-07,1.7012504068993226e-09,1796877.701818929,5481.642909889784,5.565209023339362e-07,,,1.0,True,,,,,,
results-with-vgs,5_cycles,case_032.txt,34,652060560.0,360.031102954,0.009257218000781676,360.00407758,360.045858438,5,5.521022120706089e-07,3.4692592339585143e-09,1811258.8179090812,11333.420204373686,5.521436581810745e-07,,,1.0,True,,,,,,
results-with-vgs,5_cycles,case_031.txt,33,656206226.0,360.012646626,0.002461901777971843,360.010986096,360.041845994,5,5.486247643374234e-07,1.4293159241728367e-08,1822739.4478040095,48336.68054219928,5.486272948376445e-07,,,1.0,True,,,,,,
results-with-vgs,5_cycles,case_034.txt,36,661565392.0,360.020763951,0.0024421876457577352,360.004380806,360.040659983,5,5.441927904203308e-07,4.0059138770611763e-10,1837584.06506563,1352.0117438782286,5.441952803223419e-07,,,1.0,True,,,,,,
results-with-vgs,5_cycles,case_025.txt,27,673420068.0,360.016007706,0.022459742831382547,360.000858817,360.041049453,5,5.346433424166979e-07,1.6653935070925203e-10,1870405.7839377448,582.5018439676386,5.346083741983169e-07,,,1.0,True,,,,,,
results-with-vgs,5_cycles,case_030.txt,32,677380531.0,360.04375333,0.008758260831561438,360.022112813,360.049660696,5,5.315251346720504e-07,3.527805555280164e-09,1881378.574160933,12543.120461591227,5.315236220304064e-07,,,1.0,True,,,,,,
results-with-vgs,5_cycles,case_024.txt,26,678907788.0,360.033156543,0.020928015397798035,360.006218752,360.049564043,5,5.303013681763803e-07,3.750551268194467e-09,1885720.196119494,13400.663322046887,5.303123088389141e-07,,,1.0,True,,,,,,
results-with-vgs,5_cycles,case_021.txt,23,685058336.0,360.038259224,0.00923701609318515,360.028596221,360.044538033,5,5.255630460629853e-07,2.3687929558182533e-09,1902721.2957437588,8549.86375275796,5.255585404977832e-07,,,1.0,True,,,,,,
results-with-vgs,5_cycles,case_020.txt,22,687554467.0,360.017241484,0.013693450755604476,360.006181734,360.033972801,5,5.236442930433321e-07,3.333128215702666e-10,1909693.3038039412,1215.0463769070036,5.236199585101379e-07,,,1.0,True,,,,,,
results-with-vgs,5_cycles,case_029.txt,31,689682893.0,360.015694754,0.0061071036809690095,360.003501004,360.030594658,5,5.220233796026604e-07,1.1901906014804157e-10,1915623.0143583855,436.68656170396656,5.220017756102296e-07,,,1.0,True,,,,,,
results-with-vgs,5_cycles,case_023.txt,25,692677774.0,360.033916582,0.0025819449348018224,360.014550447,360.03565808,5,5.197530387238901e-07,5.523329788982376e-09,1923990.6753700248,20593.539826813303,5.19771140487034e-07,,,1.0,True,,,,,,
results-with-vgs,5_cycles,case_026.txt,28,693120157.0,360.014571549,0.006261451236540358,360.003545602,360.039455217,5,5.194174423555252e-07,6.0036920713016525e-09,1925233.7685562954,22427.683796409096,5.194114871903804e-07,,,1.0,True,,,,,,
results-with-vgs,5_cycles,case_022.txt,24,694414356.0,360.010017338,0.011700474601212056,360.002125476,360.046625802,5,5.184608992041057e-07,3.536367821277526e-09,1928785.760961163,13216.852753251813,5.184368874683806e-07,,,1.0,True,,,,,,
results-with-vgs,5_cycles,case_028.txt,30,700130046.0,360.019561267,0.01279393213134632,360.010931878,360.036724428,5,5.142396414279869e-07,1.1018005617692319e-09,1944618.6552695744,4172.534731010248,5.142181275091284e-07,,,1.0,True,,,,,,
results-with-vgs,5_cycles,case_027.txt,29,706150742.0,360.01321202,0.015470994751843749,360.002776977,360.042860379,5,5.098591756914135e-07,7.085221177560655e-10,1961325.8869842105,2728.099391387066,5.098248725199244e-07,,,1.0,True,,,,,,
results-with-vgs,5_cycles,case_019.txt,21,712936032.0,360.03653852,0.005649985483818431,360.028467209,360.049667927,5,5.050238054555222e-07,1.6518594459927342e-09,1980104.678626027,6490.95462344276,5.050053894877346e-07,,,1.0,True,,,,,,
results-with-vgs,5_cycles,case_018.txt,20,734452685.0,360.010235774,0.012982681937404083,360.001479075,360.034343084,5,4.901629287052032e-07,2.1610290409789953e-09,2040137.9652303862,9021.381757987807,4.90174851459628e-07,,,1.0,True,,,,,,
results-with-vgs,5_cycles,case_016.txt,18,748176710.0,360.024921232,0.01599007228559583,360.014136076,360.049406442,5,4.811886433567279e-07,2.1044953125102693e-09,2078187.0349725874,9062.290540213406,4.812030586089749e-07,,,1.0,True,,,,,,
results-with-vgs,5_cycles,case_017.txt,19,758988243.0,360.012597015,0.01201006372013918,360.004496338,360.050714385,5,4.743543114711989e-07,1.697672714657101e-09,2108128.830743676,7563.066060703645,4.7433224471568e-07,,,1.0,True,,,,,,
results-with-vgs,5_cycles,case_014.txt,16,773486186.0,360.043971513,0.0034288238459341527,360.013316965,360.049960171,5,4.654424648832707e-07,8.175652323556007e-10,2148493.262751159,3778.376652359384,4.6548209655162474e-07,,,1.0,True,,,,,,
results-with-vgs,5_cycles,case_015.txt,17,776754443.0,360.02734256,0.011892625491603586,360.017831515,360.038135481,5,4.6350596522818986e-07,3.1631269869390525e-09,2157469.536573682,14791.41177211792,4.635021348181719e-07,,,1.0,True,,,,,,
results-with-vgs,5_cycles,case_012.txt,14,791170142.0,360.017332224,0.00563015274359451,360.007643411,360.031149146,5,4.550318879589367e-07,2.262438161287252e-09,2197648.1790881497,10963.568870146164,4.5504413414023905e-07,,,1.0,True,,,,,,
results-with-vgs,5_cycles,case_013.txt,15,794843200.0,360.030081062,0.012256132324741053,360.019960188,360.041871249,5,4.529538212568215e-07,1.9969532356160236e-09,2207730.5744441603,9762.328177967125,4.52957364499061e-07,,,1.0,True,,,,,,
results-with-vgs,5_cycles,case_037.txt,39,946615623.0,360.044670092,0.0036102510905812435,360.025165674,360.047105173,5,3.8035195746288666e-07,3.6002297034172204e-09,2629143.824236993,24728.34209769575,3.8034938505552214e-07,,,1.0,True,,,,,,
results-with-vgs,5_cycles,case_036.txt,38,948069510.0,360.034611093,0.011311330648797059,360.013516521,360.042240481,5,3.7976318871176436e-07,6.316411607071253e-09,2633219.9373831037,43311.14843762387,3.797555003039809e-07,,,1.0,True,,,,,,
results-with-vgs,5_cycles,case_039.txt,41,957918893.0,360.02057995,0.02059865432519408,360.004663819,360.043278962,5,3.7581956724075175e-07,4.607116913979157e-09,2660851.342419314,32351.488322504738,3.7583618256290096e-07,,,1.0,True,,,,,,
results-with-vgs,5_cycles,case_038.txt,40,962813945.0,360.022455972,0.010293445688442397,360.007791428,360.02995902,5,3.739345495312701e-07,3.319025787391974e-09,2674264.7911339244,23595.391066323515,3.739273385492978e-07,,,1.0,True,,,,,,
results-with-vgs,5_cycles,case_035.txt,37,968399373.0,360.025551574,0.0033476781827832835,360.011255168,360.044849577,5,3.7177616961550844e-07,4.590706407006258e-09,2689790.475366406,33492.58359072965,3.717738379555932e-07,,,1.0,True,,,,,,
results-with-vgs,5_cycles,case_041.txt,43,972748533.0,360.015650058,0.01801077899040723,360.003501954,360.050278766,5,3.7010145771970034e-07,2.149180163655504e-09,2701961.7976143155,15751.996391240542,3.7010145771970034e-07,,,1.0,True,,,,,,
results-with-vgs,5_cycles,case_042.txt,44,975459040.0,360.032171783,0.006931890369606503,360.013817213,360.039336073,5,3.690973391081598e-07,3.712676772416336e-09,2709312.4063594546,27068.784967973916,3.6908999457629714e-07,,,1.0,True,,,,,,
results-with-vgs,5_cycles,case_040.txt,42,984121091.0,360.014353086,0.015600172207255217,360.003006856,360.035313922,5,3.6582423678286966e-07,2.4666231531218835e-09,2733553.164203107,18515.586157683258,3.6582322681467664e-07,,,1.0,True,,,,,,
results-with-vgs,5_cycles,case_053.txt,55,1081005686.0,360.036623853,0.0028124240003410818,360.016696387,360.041070609,5,3.3305710461637663e-07,5.958739662335929e-09,3002488.1203234643,54373.79756800492,3.3305710461637663e-07,,,1.0,True,,,,,,
results-with-vgs,5_cycles,case_051.txt,53,1093904921.0,360.036781961,0.017560787651345788,360.024083768,360.0487375,5,3.291182596005526e-07,1.672799008878462e-09,3038421.5121144885,15390.52728649189,3.2912986773281e-07,,,1.0,True,,,,,,
results-with-vgs,5_cycles,case_043.txt,45,1099001513.0,360.030436014,0.014210196159611154,360.009801187,360.042449077,5,3.2757898595085917e-07,1.910664557415409e-09,3052698.869243133,17735.65275418631,3.275977619277399e-07,,,1.0,True,,,,,,
results-with-vgs,5_cycles,case_058.txt,60,1101125216.5,360.023265626,0.019573846364117038,360.006145548,360.044639645,4,3.2696037129709356e-07,3.732234492059904e-09,3058517.197722422,34638.894380978716,3.269594231711067e-07,,,1.0,True,,,,,,
results-with-vgs,5_cycles,case_056.txt,58,1103387810.0,360.014402959,0.018738637738762623,360.001763921,360.046349459,5,3.2630988506117353e-07,5.526957607744334e-09,3064571.5799033465,51320.663593572805,3.26280931959e-07,,,1.0,True,,,,,,
results-with-vgs,5_cycles,case_044.txt,46,1113916614.0,360.015563194,0.0038136890147427607,360.010169659,360.045581268,5,3.2319563813957085e-07,7.634359117181568e-09,3094101.1634821435,74270.56042400516,3.231979473770556e-07,,,1.0,True,,,,,,
results-with-vgs,5_cycles,case_047.txt,49,1113977852.0,360.041424929,0.00396675708664527,360.014357753,360.050233322,5,3.2321130323693365e-07,1.3445242311227683e-09,3093951.2015362247,12906.717750927142,3.232033960842159e-07,,,1.0,True,,,,,,
results-with-vgs,5_cycles,case_050.txt,52,1116207825.0,360.040996356,0.0028501472748494504,360.004653711,360.046847134,5,3.225247535878903e-07,3.040241871523955e-09,3100537.211099652,29042.200869995988,3.225573126187321e-07,,,1.0,True,,,,,,
results-with-vgs,5_cycles,case_046.txt,48,1116539085.0,360.018723405,0.00797620564019371,360.013343528,360.049340325,5,3.2245867874029686e-07,2.779264223621994e-09,3101172.5406385614,26885.23274678668,3.224416666121455e-07,,,1.0,True,,,,,,
results-with-vgs,5_cycles,case_054.txt,56,1117647403.0,360.040367352,0.01502777296442623,360.018322473,360.050503446,5,3.221412821123873e-07,5.277745697526696e-09,3104228.037594773,51425.85684159588,3.221412821123873e-07,,,1.0,True,,,,,,
results-with-vgs,5_cycles,case_052.txt,54,1119553101.0,360.013528404,0.012314408883038152,360.005222449,360.04356845,5,3.2156154284011937e-07,9.126442348939535e-10,3109824.611387689,8843.119229416581,3.215689618316729e-07,,,1.0,True,,,,,,
results-with-vgs,5_cycles,case_048.txt,50,1119678345.0,360.030711023,0.005485766777420429,360.025294788,360.037643985,5,3.2155453000656184e-07,5.835303651766962e-09,3109892.434044059,57135.07516646825,3.2154833808364844e-07,,,1.0,True,,,,,,
results-with-vgs,5_cycles,case_057.txt,59,1128943017.0,360.020945452,0.013102166154045755,360.002943715,360.029782742,5,3.189009011355619e-07,3.964088942221034e-09,3135770.3802000517,39308.68145028229,3.189009011355619e-07,,,1.0,True,,,,,,
results-with-vgs,5_cycles,case_049.txt,51,1131280505.0,360.040476,0.0038179440767471874,360.034557048,360.045778951,5,3.1826392955564986e-07,1.338833626511165e-09,3142046.2928242255,13255.184399949663,3.182592419905618e-07,,,1.0,True,,,,,,
results-with-vgs,5_cycles,case_045.txt,47,1133412265.0,360.040735774,0.004157840505032755,360.001910108,360.043540199,5,3.176266229199487e-07,8.40106884307607e-10,3148350.6980837355,8342.115922171111,3.1766087847478866e-07,4096.0,87.148936,1.0,True,,,,,,
results-with-vgs,5_cycles,case_055.txt,57,1134844989.0,360.040815072,0.012728106174046273,360.009434028,360.049877109,5,3.17259906473447e-07,1.1300964590088645e-09,3151989.8341888175,11254.593393529945,3.17259906473447e-07,,,1.0,True,,,,,,
results-without-vgs,1_triangulation_subdivide_1,case_001.txt,6,68.0,9.7726e-05,2.9147915999999814e-06,7.3858e-05,9.9692e-05,5,1.4371470588235295e-06,4.286458235294105e-08,695823.0153695025,20344.451714136376,1.4371470588235295e-06,217088.0,36181.333333,0.0,False,46.4,53.6,125.0,58.0,0.0,100.0
results-without-vgs,1_triangulation_subdivide_1,case_002.txt,9,8460.0,0.006505841,0.00024308116559999972,0.00624097,0.006924501,5,7.690119385342789e-07,2.873299829787245e-08,1300369.9291144682,47392.06276897703,7.690119385342789e-07,282624.0,31402.666667,0.0,False,26.957948363699163,73.04,11581.0,3122.0,0.0,100.0
results-without-vgs,1_triangulation_subdivide_1,case_003.txt,10,17408.0,0.012712982,0.00029442212100000165,0.012378253,0.0133282,5,7.302953814338235e-07,1.6913035443474435e-08,1369308.9473421737,31962.019241016125,7.302953814338235e-07,217088.0,21708.8,0.0,False,20.36689693032618,79.63,21859.0,4452.0,0.0,100.0
results-without-vgs,1_triangulation_subdivide_1,case_004.txt,12,1005590.0,0.77913681,0.040352681808600036,0.743958363,0.844070557,5,7.748056464364204e-07,4.012836425242895e-08,1290646.2473516043,69264.13169087055,7.748056464364204e-07,282624.0,23552.0,0.0,False,25.88169391959373,74.12,1356735.0,351146.0,0.0,100.0
results-without-vgs,1_triangulation_subdivide_1,case_006.txt,13,1375004.0,1.07181005,0.008220739753799973,1.058126175,1.07865224,5,7.794959505572347e-07,5.978702428356481e-09,1282880.3014116166,9890.808334757108,7.794959505572347e-07,282624.0,21740.307692,0.0,False,19.086628314792932,80.91,1699352.0,324349.0,0.0,100.0
results-without-vgs,1_triangulation_subdivide_1,case_005.txt,13,1867652.0,1.328322408,0.012499085986799914,1.273485723,1.385880445,5,7.112258643473195e-07,6.6924062870384455e-09,1406023.1076068694,13146.78530309475,7.112258643473195e-07,217088.0,16699.076923,0.0,False,15.608365912422348,84.39,2213076.0,345425.0,0.0,100.0
results-without-vgs,1_triangulation_subdivide_1,case_010.txt,14,2296832.0,1.790343817,0.015036013255199918,1.778544725,1.899050615,5,7.794840097142499e-07,6.546414041253293e-09,1282899.9537355343,10835.679839465383,7.794840097142499e-07,217088.0,15506.285714,0.0,False,20.441135617490797,79.56,2886958.0,590127.0,0.0,100.0
results-without-vgs,1_triangulation_subdivide_1,case_008.txt,15,81820780.0,68.473236515,0.2186256949085853,68.325775504,69.827831017,5,8.368685377357683e-07,2.6720069755945047e-09,1194930.8104061366,3823.4850152181775,8.368685377357683e-07,278528.0,18568.533333,0.0,False,28.770331243273475,71.23,114868959.0,33048180.0,0.0,100.0
results-without-vgs,1_triangulation_subdivide_1,case_007.txt,15,93952962.0,73.494866456,0.2488743109398,73.254511431,74.598051797,5,7.822517235379976e-07,2.6489245856858577e-09,1278360.8778478138,4338.799752440254,7.822517235379976e-07,217088.0,14472.533333,0.0,False,23.461397944139367,76.54,122752387.0,28799426.0,0.0,100.0
results-without-vgs,1_triangulation_subdivide_1,case_009.txt,15,130217114.0,101.518270103,1.4459830313418067,100.477871819,102.501410493,5,7.796077411376204e-07,1.1104400849659489e-08,1282696.344883362,18240.366059090968,7.796077411376204e-07,151552.0,10103.466667,0.0,False,28.894883054880715,71.11,183133252.0,52916139.0,0.0,100.0
results-without-vgs,1_triangulation_subdivide_1,case_013.txt,16,174923434.0,88.579373979,0.9068538366257932,87.967709446,91.236394842,5,5.063894068018353e-07,5.18429015420417e-09,1974764.8480951115,20357.732288438463,5.063894068018353e-07,278528.0,17408.0,0.0,False,19.92441685318253,80.08,218447904.0,43524471.0,0.0,100.0
results-without-vgs,1_triangulation_subdivide_1,case_011.txt,16,228160760.0,176.741070646,1.0128540701285988,175.715473391,178.215708251,5,7.746339495275174e-07,4.439212378713114e-09,1290932.317916021,7369.48973914868,7.746339495275174e-07,217088.0,13568.0,0.0,False,19.91613159136991,80.08,284902270.0,56741511.0,0.0,100.0
results-without-vgs,1_triangulation_subdivide_1,case_017.txt,17,246418336.0,125.820496499,2.6937742830012072,123.995813841,129.799959949,5,5.105971355110523e-07,1.0931712009455378e-08,1958491.2065734735,41333.749523945895,5.105971355110523e-07,217088.0,12769.882353,0.0,False,20.59436630139796,79.41,310328529.0,63910194.0,0.0,100.0
results-without-vgs,1_triangulation_subdivide_1,case_018.txt,17,246419208.0,124.102479398,0.194221665989399,123.84907154,125.204365964,5,5.036234001612407e-07,7.881758389118931e-10,1985610.6759134678,3104.22450630104,5.036234001612407e-07,278528.0,16384.0,0.0,False,19.960226776319452,80.04,307870946.0,61451739.0,0.0,100.0
results-without-vgs,1_triangulation_subdivide_1,case_023.txt,18,303046688.0,167.410611563,0.0,167.410611563,167.410611563,1,5.524251483091608e-07,0.0,1810199.9937199764,0.0,5.524251483091608e-07,290816.0,16156.444444,0.0,False,20.150560773947433,79.85,379522624.0,76475937.0,0.0,100.0
results-without-vgs,1_triangulation_subdivide_1,case_012.txt,18,483954746.0,360.026449226,0.010811829365400273,360.009406765,360.048100559,5,7.439705954634857e-07,1.0659072925747303e-08,1344139.1448771046,19445.770540930378,7.439258571213599e-07,,,1.0,True,100.0,0.0,0.0,0.0,,0.0
results-without-vgs,1_triangulation_subdivide_1,case_019.txt,19,634235666.0,360.023076643,0.004164448453131626,360.019373486,360.030489589,5,5.676531687276634e-07,1.6217990635369115e-08,1761639.0695772876,51319.40523028947,5.676487399606443e-07,,,1.0,True,100.0,0.0,0.0,0.0,,0.0
results-without-vgs,1_triangulation_subdivide_1,case_015.txt,18,640289043.0,360.027513869,0.004930872592738649,360.011673672,360.049211113,5,5.623229306346259e-07,9.911013720375837e-09,1778337.5806343534,31720.520883114823,5.622890439950883e-07,,,1.0,True,100.0,0.0,0.0,0.0,,0.0
results-without-vgs,1_triangulation_subdivide_1,case_020.txt,19,657277324.0,360.013384568,0.012432022058377686,360.004999284,360.043090551,5,5.477795709729976e-07,6.201542365479138e-09,1825551.8332378522,20510.8824926449,5.477343754643207e-07,,,1.0,True,100.0,0.0,0.0,0.0,,0.0
results-without-vgs,1_triangulation_subdivide_1,case_016.txt,19,669753636.0,360.038290364,0.0005939473512315544,360.034236516,360.047162354,5,5.375682504902444e-07,8.785745815986273e-09,1860228.9087721107,30741.52853178311,5.375682504902444e-07,,,1.0,True,100.0,0.0,0.0,0.0,,0.0
results-without-vgs,1_triangulation_subdivide_1,case_022.txt,19,690624250.0,360.014660831,0.0036584533818085443,360.002544886,360.037884684,5,5.213223901187947e-07,1.0134851255458452e-08,1918198.8323427432,36808.399206548216,5.212887627838148e-07,,,1.0,True,100.0,0.0,0.0,0.0,,0.0
results-without-vgs,1_triangulation_subdivide_1,case_021.txt,19,718889658.0,360.018600953,0.017378069062271014,360.001901734,360.03042332,5,5.008145816447398e-07,9.160435561650829e-09,1996746.9731329926,36978.85664729926,5.007981363295672e-07,,,1.0,True,100.0,0.0,0.0,0.0,,0.0
results-without-vgs,1_triangulation_subdivide_1,case_014.txt,18,724222762.0,360.027857752,0.009321891978012899,360.015651356,360.047175497,5,4.971317723951902e-07,5.74540147550077e-09,2011539.1039723356,23067.741382243912,4.971230906327134e-07,,,1.0,True,100.0,0.0,0.0,0.0,,0.0
results-without-vgs,2_triangulation_subdivide_2,case_001.txt,9,46782.0,0.02983977,0.0004999119636000047,0.029502584,0.031436301,5,6.378472489419008e-07,1.0685989560087323e-08,1567773.478146782,26565.426199290545,6.378472489419008e-07,159744.0,17749.333333,0.0,False,37.00716363244641,62.99,74264.0,27483.0,0.0,100.0
results-without-vgs,2_triangulation_subdivide_2,case_012.txt,26,478996857.0,360.044326108,0.0,360.044326108,360.044326108,1,7.516632329552008e-07,0.0,1330383.0174963474,0.0,7.516632329552008e-07,,,1.0,True,100.0,0.0,0.0,0.0,,0.0
results-without-vgs,2_triangulation_subdivide_2,case_004.txt,19,482537404.0,360.030516564,0.004962005710159996,360.011656148,360.050564178,5,7.461193962986546e-07,5.516991089456418e-09,1340268.065621662,9861.092359220098,7.461193962986546e-07,,,1.0,True,100.0,0.0,0.0,0.0,,0.0
results-without-vgs,2_triangulation_subdivide_2,case_010.txt,23,491973760.0,360.032608849,0.023074348730985204,360.002620941,360.049154498,5,7.318462563897717e-07,2.8646893072870283e-09,1366407.2081656083,5362.730199594718,7.318126252282235e-07,,,1.0,True,100.0,0.0,0.0,0.0,,0.0
results-without-vgs,2_triangulation_subdivide_2,case_011.txt,26,498921405.0,360.03388041,0.01572299523901497,360.007144718,360.044485425,5,7.216244418497137e-07,4.829466217918263e-10,1385762.3744516417,927.8392688719421,7.216244418497137e-07,,,1.0,True,100.0,0.0,0.0,0.0,,0.0
results-without-vgs,2_triangulation_subdivide_2,case_009.txt,24,507989478.0,360.033597685,0.01921132768379541,360.008490894,360.04969804,5,7.086928105506941e-07,1.2036304011300027e-08,1411048.6025996848,24242.69158847442,7.087422343913195e-07,,,1.0,True,100.0,0.0,0.0,0.0,,0.0
results-without-vgs,2_triangulation_subdivide_2,case_002.txt,14,515104366.0,360.026519186,0.009184153990135734,360.016912133,360.041806305,5,6.989389780982752e-07,3.5308603721711e-08,1430740.0664946083,74826.93570279464,6.989389780982752e-07,,,1.0,True,100.0,0.0,0.0,0.0,,0.0
results-without-vgs,2_triangulation_subdivide_2,case_007.txt,24,518957298.0,360.026220806,0.03022331101436465,360.00543444,360.048521466,5,6.937885015541298e-07,1.833231036064162e-08,1441361.4491447138,37418.898787074686,6.937492202026997e-07,,,1.0,True,100.0,0.0,0.0,0.0,,0.0
results-without-vgs,2_triangulation_subdivide_2,case_008.txt,24,529681914.0,360.021563898,0.00959605881782204,360.015091445,360.039555235,5,6.79719009190108e-07,3.622256531456497e-09,1471196.1655912932,7868.359800911007,6.796938962465689e-07,,,1.0,True,100.0,0.0,0.0,0.0,,0.0
results-without-vgs,2_triangulation_subdivide_2,case_003.txt,16,530527050.0,360.025955977,0.0115001931323588,360.002607867,360.042062528,5,6.786340352504175e-07,7.767640166886876e-09,1473548.257318096,16997.446457832495,6.786194143672787e-07,,,1.0,True,100.0,0.0,0.0,0.0,,0.0
results-without-vgs,2_triangulation_subdivide_2,case_005.txt,21,530883804.0,360.041693283,0.008870246057404175,360.013133867,360.049934597,5,6.781902590552565e-07,4.33946022758755e-10,1474512.4788330582,943.0728128885784,6.781930256116835e-07,,,1.0,True,100.0,0.0,0.0,0.0,,0.0
results-without-vgs,2_triangulation_subdivide_2,case_006.txt,21,549833945.0,360.023536609,0.005482663695569101,360.003560892,360.048314025,5,6.547859401605334e-07,5.00584618540571e-09,1527216.6652735865,11615.693099643604,6.547859401605334e-07,,,1.0,True,100.0,0.0,0.0,0.0,,0.0
results-without-vgs,3_triangulation_subdivide_3,case_001.txt,12,54721224.0,36.669388918,0.049609852366193426,36.631219901,36.702850305,5,6.701127320909342e-07,9.065925200465678e-10,1492286.2260499478,2017.0667604080343,6.701127320909342e-07,278528.0,23210.666667,0.0,False,33.455472807512635,66.54,82232492.0,27511269.0,0.0,100.0
results-without-vgs,3_triangulation_subdivide_3,case_006.txt,29,446337735.0,360.046802806,0.004418468241554046,360.006937124,360.049783022,5,8.066689741256137e-07,2.142167133439945e-09,1239665.8754403526,3286.13537282499,8.066689741256137e-07,,,1.0,True,100.0,0.0,0.0,0.0,,0.0
results-without-vgs,3_triangulation_subdivide_3,case_004.txt,26,478898036.0,360.027254907,0.01273972679282806,360.001511196,360.037437908,5,7.517289362949069e-07,4.963108489758085e-09,1330266.7380728512,8822.050422293614,7.517826924372686e-07,,,1.0,True,100.0,0.0,0.0,0.0,,0.0
results-without-vgs,3_triangulation_subdivide_3,case_005.txt,29,479202323.0,360.024118599,0.025074491773833356,360.007206086,360.050296478,5,7.513534037646975e-07,2.7419755100820494e-09,1330931.6161867972,4845.1515301960535,7.512987757344407e-07,,,1.0,True,100.0,0.0,0.0,0.0,,0.0
results-without-vgs,3_triangulation_subdivide_3,case_003.txt,22,496076053.0,360.032741366,0.011036785745940835,360.004251502,360.048052818,5,7.257611795383318e-07,1.122126994137201e-09,1377863.7218321816,2132.591550130863,7.257611795383318e-07,,,1.0,True,100.0,0.0,0.0,0.0,,0.0
results-without-vgs,3_triangulation_subdivide_3,case_002.txt,19,497431115.0,360.033953252,0.019533957752369165,360.007614867,360.047128726,5,7.238130423867836e-07,1.6669313668733845e-09,1381572.2312801746,3186.691652745358,7.237865553545037e-07,,,1.0,True,100.0,0.0,0.0,0.0,,0.0
results-without-vgs,3_triangulation_subdivide_3,case_010.txt,32,498678592.0,360.018559358,0.006263801157634714,360.014334482,360.04563839,5,7.219410217152454e-07,4.3038798548638474e-09,1385154.7008980317,8224.583266581225,7.219450867423641e-07,,,1.0,True,100.0,0.0,0.0,0.0,,0.0
results-without-vgs,3_triangulation_subdivide_3,case_008.txt,33,525883663.0,360.035579384,0.016297001620187313,360.002733331,360.046571561,5,6.845672506297273e-07,6.536551096578979e-10,1460776.8617036662,1393.9166719194616,6.846297094116043e-07,,,1.0,True,100.0,0.0,0.0,0.0,,0.0
results-without-vgs,3_triangulation_subdivide_3,case_007.txt,33,537366405.0,360.029911086,0.0024812096777839425,360.014975993,360.032028246,5,6.699866506336585e-07,5.0152172691819225e-09,1492567.0519766659,11229.378773084005,6.699896155324411e-07,,,1.0,True,100.0,0.0,0.0,0.0,,0.0
results-without-vgs,3_triangulation_subdivide_3,case_009.txt,33,540492867.0,360.032584538,0.013760139586249658,360.017756608,360.050386666,5,6.661190304626166e-07,2.916591072219906e-09,1501233.194472022,6592.594075614538,6.661190304626166e-07,,,1.0,True,100.0,0.0,0.0,0.0,,0.0
results-without-vgs,3_triangulation_subdivide_3,case_011.txt,36,556420013.0,360.008024135,0.01043708738944971,360.000984416,360.046167953,5,6.469964699670139e-07,4.899716474058533e-09,1545603.4869108072,11645.400462643654,6.470076843461775e-07,,,1.0,True,100.0,0.0,0.0,0.0,,0.0
results-without-vgs,4_halin,case_001.txt,4,1.0,1.836e-06,2.2683780000000008e-07,1.615e-06,2.552e-06,5,1.836e-06,2.2683780000000008e-07,544662.3093681918,73410.57635175271,1.836e-06,278528.0,69632.0,0.0,False,100.0,0.0,0.0,0.0,0.0,100.0
results-without-vgs,4_halin,case_002.txt,6,8.0,1.304e-05,5.767314000000013e-07,1.2651e-05,2.3158e-05,5,1.63e-06,7.209142500000016e-08,613496.9325153374,27967.98235596222,1.63e-06,282624.0,47104.0,0.0,False,0.0,100.0,7.0,0.0,0.0,100.0
results-without-vgs,4_halin,case_003.txt,7,20.0,2.6892e-05,1.4381219999999987e-06,2.5922e-05,4.9793e-05,5,1.3446e-06,7.190610000000007e-08,743715.6031533541,41260.46488072323,1.3446e-06,217088.0,31012.571429,0.0,False,0.0,100.0,19.0,0.0,0.0,100.0
results-without-vgs,4_halin,case_004.txt,8,100.0,0.000157772,5.41015566e-05,0.000103501,0.000227879,5,1.57772e-06,5.410155659999999e-07,633826.0274319905,282739.87432215246,1.57772e-06,217088.0,27136.0,0.0,False,0.0,100.0,99.0,0.0,0.0,100.0
results-without-vgs,4_halin,case_006.txt,9,224.0,0.000298554,7.227526739999992e-05,0.000249805,0.000458463,5,1.332830357142857e-06,3.2265744374999976e-07,750283.0308754866,171375.90409486298,1.332830357142857e-06,217088.0,24120.888889,0.0,False,0.0,100.0,223.0,0.0,0.0,100.0
results-without-vgs,4_halin,case_005.txt,9,280.0,0.000403043,0.00011881408140000001,0.000311961,0.000554771,5,1.4394392857142858e-06,4.243360050000001e-07,694714.9559724396,170829.87224008102,1.4394392857142858e-06,278528.0,30947.555556,0.0,False,0.0,100.0,279.0,0.0,0.0,100.0
results-without-vgs,4_halin,case_010.txt,9,280.0,0.00030126,1.6440551400000063e-05,0.000290171,0.000584718,5,1.0759285714285715e-06,5.871625500000011e-08,929429.7284737435,52659.76690868726,1.0759285714285715e-06,278528.0,30947.555556,0.0,False,0.0,100.0,279.0,0.0,0.0,100.0
results-without-vgs,4_halin,case_014.txt,10,672.0,0.000795131,8.682698639999998e-05,0.000736567,0.00142798,5,1.1832306547619048e-06,1.2920682499999997e-07,845143.7561860875,99626.08347158415,1.1832306547619048e-06,278528.0,27852.8,0.0,False,0.0,100.0,671.0,0.0,0.0,100.0
results-without-vgs,4_halin,case_011.txt,10,840.0,0.001118546,0.00014615767320000006,0.000995201,0.001411174,5,1.331602380952381e-06,1.739972300000002e-07,750974.9263776367,107612.37442781967,1.331602380952381e-06,282624.0,28262.4,0.0,False,0.0,100.0,839.0,0.0,0.0,100.0
results-without-vgs,4_halin,case_018.txt,10,840.0,0.001242545,6.294971340000016e-05,0.001072454,0.001335868,5,1.4792202380952382e-06,7.494013500000003e-08,676031.8539771196,35460.8015234995,1.4792202380952382e-06,278528.0,27852.8,0.0,False,0.0,100.0,839.0,0.0,0.0,100.0
results-without-vgs,4_halin,case_008.txt,10,1400.0,0.001621422,0.0001440597942,0.001419816,0.001718589,5,1.1581585714285715e-06,1.0289985299999977e-07,863439.6227508939,72377.35977457052,1.1581585714285715e-06,217088.0,21708.8,0.0,False,0.0,100.0,1399.0,0.0,0.0,100.0
results-without-vgs,4_halin,case_007.txt,10,1568.0,0.001468635,7.711743900000013e-05,0.00141662,0.001967748,5,9.366294642857143e-07,4.91820401785715e-08,1067658.0634398607,58120.77732926381,9.366294642857143e-07,278528.0,27852.8,0.0,False,0.0,100.0,1567.0,0.0,0.0,100.0
results-without-vgs,4_halin,case_009.txt,10,1750.0,0.001500568,4.7434304400000046e-05,0.001452012,0.002278074,5,8.574674285714286e-07,2.7105316800000035e-08,1166225.0561120855,37668.56441046073,8.574674285714286e-07,278528.0,27852.8,0.0,False,0.0,100.0,1749.0,0.0,0.0,100.0
results-without-vgs,4_halin,case_012.txt,11,4200.0,0.004700835,0.00019301376359999873,0.004385067,0.004831021,5,1.1192464285714286e-06,4.595565799999986e-08,893458.2898570147,35696.335649321496,1.1192464285714286e-06,278528.0,25320.727273,0.0,False,0.0,100.0,4199.0,0.0,0.0,100.0
results-without-vgs,4_halin,case_016.txt,11,4200.0,0.003372416,1.6212231000000165e-05,0.00328137,0.003693595,5,8.029561904761905e-07,3.8600550000000766e-09,1245397.958021786,6006.483268052875,8.029561904761905e-07,217088.0,19735.272727,0.0,False,0.0,100.0,4199.0,0.0,0.0,100.0
results-without-vgs,4_halin,case_019.txt,11,4200.0,0.004997016,0.0001432280555999999,0.004682725,0.005273771,5,1.1897657142857143e-06,3.410191799999984e-08,840501.6113616606,23634.14708119243,1.1897657142857143e-06,217088.0,19735.272727,0.0,False,0.0,100.0,4199.0,0.0,0.0,100.0
results-without-vgs,4_halin,case_015.txt,11,4704.0,0.00432343,0.00012661255739999984,0.004174175,0.004663909,5,9.190965136054421e-07,2.691593482142844e-08,1088025.0171738644,32505.10200127388,9.190965136054421e-07,278528.0,25320.727273,0.0,False,0.0,100.0,4703.0,0.0,0.0,100.0
results-without-vgs,4_halin,case_017.txt,11,4704.0,0.004524444,6.978598199999962e-05,0.004477374,0.004879155,5,9.618290816326531e-07,1.483545535714285e-08,1039685.7602834735,16204.920954291007,9.618290816326531e-07,217088.0,19735.272727,0.0,False,0.0,100.0,4703.0,0.0,0.0,100.0
results-without-vgs,4_halin,case_013.txt,11,5250.0,0.005488,0.00022338334199999916,0.00533733,0.006662109,5,1.0453333333333334e-06,4.254920799999988e-08,956632.6530612245,40037.95888714819,1.0453333333333334e-06,217088.0,19735.272727,0.0,False,0.0,100.0,5249.0,0.0,0.0,100.0
results-without-vgs,4_halin,case_020.txt,12,10560.0,0.010291671,0.00012688090800000004,0.010206091,0.011501577,5,9.745900568181818e-07,1.2015237499999974e-08,1026072.442463425,12756.010422946112,9.745900568181818e-07,217088.0,18090.666667,0.0,False,0.0,100.0,10559.0,0.0,0.0,100.0
results-without-vgs,4_halin,case_024.txt,12,10560.0,0.013111551,0.000296343570600001,0.01266393,0.013575842,5,1.2416241477272728e-06,2.8062838124999996e-08,805396.7070714975,18485.14839080073,1.2416241477272728e-06,278528.0,23210.666667,0.0,False,0.0,100.0,10559.0,0.0,0.0,100.0
results-without-vgs,4_halin,case_022.txt,12,13200.0,0.012039822,2.3281267800000877e-05,0.012024119,0.012667558,5,9.121077272727273e-07,1.7637324090910746e-09,1096361.7236201665,2122.790941545813,9.121077272727273e-07,278528.0,23210.666667,0.0,False,0.0,100.0,13199.0,0.0,0.0,100.0
results-without-vgs,4_halin,case_023.txt,12,13200.0,0.011816729,0.0009056417621999991,0.011205882,0.014694952,5,8.952067424242424e-07,6.860922440909084e-08,1117060.3980170824,90279.06481114317,8.952067424242424e-07,282624.0,23552.0,0.0,False,0.0,100.0,13199.0,0.0,0.0,100.0
results-without-vgs,4_halin,case_031.txt,12,13200.0,0.012442507,0.00018447843540000082,0.012307438,0.012667663,5,9.426141666666667e-07,1.3975639045454562e-08,1060879.4513838731,15573.35704895055,9.426141666666667e-07,151552.0,12629.333333,0.0,False,0.0,100.0,13199.0,0.0,0.0,100.0
results-without-vgs,4_halin,case_026.txt,12,14784.0,0.010088025,0.0002917386149999996,0.00989125,0.011392886,5,6.823609983766235e-07,1.97334019886364e-08,1465499.9368062627,43224.357067756675,6.823609983766235e-07,278528.0,23210.666667,0.0,False,0.0,100.0,14783.0,0.0,0.0,100.0
results-without-vgs,4_halin,case_027.txt,12,16500.0,0.015227345,0.00010211852279999947,0.015158467,0.015989348,5,9.22869393939394e-07,6.189001381818259e-09,1083576.94660494,7299.766996717351,9.22869393939394e-07,282624.0,23552.0,0.0,False,0.0,100.0,16499.0,0.0,0.0,100.0
results-without-vgs,4_halin,case_040.txt,13,48048.0,0.057874202,0.000613854221399997,0.05736373,0.058305983,5,1.2045080336330336e-06,1.2775853758741326e-08,830214.4710349527,8743.284219405004,1.2045080336330336e-06,159744.0,12288.0,0.0,False,0.0,100.0,48047.0,0.0,0.0,100.0
results-without-vgs,4_halin,case_025.txt,13,73920.0,0.076698521,0.002463307282799991,0.072878112,0.078359999,5,1.037588216991342e-06,3.3323962159090796e-08,963773.4735458588,30296.965883766254,1.037588216991342e-06,151552.0,11657.846154,0.0,False,0.0,100.0,73919.0,0.0,0.0,100.0
results-without-vgs,4_halin,case_028.txt,13,73920.0,0.059912907,0.0010937184677999989,0.059158408,0.060903787,5,8.105101055194806e-07,1.4795974943181822e-08,1233790.9091942408,22803.806519864156,8.105101055194806e-07,278528.0,21425.230769,0.0,False,0.0,100.0,73919.0,0.0,0.0,100.0
results-without-vgs,4_halin,case_021.txt,13,92400.0,0.09297814,0.00313940846519999,0.090834801,0.10676411,5,1.0062569264069265e-06,3.397628209090895e-08,993781.9792910463,32807.892062493345,1.0062569264069265e-06,217088.0,16699.076923,0.0,False,0.0,100.0,92399.0,0.0,0.0,100.0
results-without-vgs,4_halin,case_030.txt,13,92400.0,0.079534804,0.00046162974899999107,0.079188807,0.081351744,5,8.60766277056277e-07,4.995992954545384e-09,1161755.5504380194,6716.676953505741,8.60766277056277e-07,217088.0,16699.076923,0.0,False,0.0,100.0,92399.0,0.0,0.0,100.0
results-without-vgs,4_halin,case_035.txt,14,171600.0,0.143471076,0.00039857477099999265,0.143202241,0.144497287,5,8.360785314685315e-07,2.3226968006992113e-09,1196059.8943301993,3328.993283596133,8.360785314685315e-07,282624.0,20187.428571,0.0,False,0.0,100.0,171599.0,0.0,0.0,100.0
results-without-vgs,4_halin,case_042.txt,14,192192.0,0.202673662,0.002901575703599995,0.200597234,0.207308199,5,1.0545374521312022e-06,1.509727618006984e-08,948283.0581114185,13708.459641876378,1.0545374521312022e-06,217088.0,15506.285714,0.0,False,0.0,100.0,192191.0,0.0,0.0,100.0
results-without-vgs,4_halin,case_039.txt,14,214500.0,0.212854864,0.0023450551067999733,0.20972344,0.214755864,5,9.923303682983683e-07,1.093265784055945e-08,1007728.9095916549,11020.413605118307,9.923303682983683e-07,278528.0,19894.857143,0.0,False,0.0,100.0,214499.0,0.0,0.0,100.0
results-without-vgs,4_halin,case_033.txt,14,240240.0,0.245846622,0.007186384589999991,0.24006664,0.287357926,5,1.0233375874125873e-06,2.9913355769230524e-08,977194.6347914434,29139.053320813415,1.0233375874125873e-06,221184.0,15798.857143,0.0,False,0.0,100.0,240239.0,0.0,0.0,100.0
results-without-vgs,4_halin,case_037.txt,14,240240.0,0.215617664,0.001490288763600028,0.212061815,0.21662285,5,8.975094239094239e-07,6.203333181818341e-09,1114194.4288942858,7665.264480856491,8.975094239094239e-07,282624.0,20187.428571,0.0,False,0.0,100.0,240239.0,0.0,0.0,100.0
results-without-vgs,4_halin,case_032.txt,14,288288.0,0.241474008,0.0011281918830000112,0.239181817,0.24896871,5,8.376138028638028e-07,3.913419507575741e-09,1193867.623218479,5560.35241655697,8.376138028638028e-07,282624.0,20187.428571,0.0,False,0.0,100.0,288287.0,0.0,0.0,100.0
results-without-vgs,4_halin,case_036.txt,14,288288.0,0.313325433,0.00553861108919998,0.309589691,0.330956268,5,1.0868486825674326e-06,1.9212076427738928e-08,920091.2841314098,16460.58618071506,1.0868486825674326e-06,278528.0,19894.857143,0.0,False,0.0,100.0,288287.0,0.0,0.0,100.0
results-without-vgs,4_halin,case_041.txt,14,288288.0,0.184638344,0.003917063299800031,0.181996321,0.206684569,5,6.404648962148963e-07,1.3587326908508263e-08,1561365.8233416565,33604.90327809247,6.404648962148963e-07,217088.0,15506.285714,0.0,False,0.0,100.0,288287.0,0.0,0.0,100.0
results-without-vgs,4_halin,case_038.txt,14,300300.0,0.283330056,0.0026868833628000007,0.28061204,0.294827394,5,9.4349002997003e-07,8.947330545454506e-09,1059894.6128045095,10115.92668035974,9.4349002997003e-07,217088.0,15506.285714,0.0,False,0.0,100.0,300299.0,0.0,0.0,100.0
results-without-vgs,4_halin,case_029.txt,14,443520.0,0.45441982,0.006835788237599971,0.449809144,0.47374143,5,1.0245757124819625e-06,1.5412581704545484e-08,976013.7663009505,14832.565127701639,1.0245757124819625e-06,282624.0,20187.428571,0.0,False,0.0,100.0,443519.0,0.0,0.0,100.0
results-without-vgs,4_halin,case_043.txt,15,715000.0,0.630404843,0.006434386148399984,0.626064909,0.665542633,5,8.816850951048951e-07,8.999141466293674e-09,1134191.7942721136,11656.663495722762,8.816850951048951e-07,282624.0,18841.6,0.0,False,0.0,100.0,714999.0,0.0,0.0,100.0
results-without-vgs,4_halin,case_045.txt,15,800800.0,0.594945808,0.00101958550260006,0.593381926,0.595673094,5,7.429393206793207e-07,1.27320866958045e-09,1346004.9457143163,2304.0462101978655,7.429393206793207e-07,217088.0,14472.533333,0.0,False,0.0,100.0,800799.0,0.0,0.0,100.0
results-without-vgs,4_halin,case_049.txt,15,1001000.0,1.258568397,0.00202004694779994,1.257205894,1.26701649,5,1.2573110859140859e-06,2.0180289188811125e-09,795348.1132897063,1277.9454314978232,1.2573110859140859e-06,278528.0,18568.533333,0.0,False,0.0,100.0,1000999.0,0.0,0.0,100.0
results-without-vgs,4_halin,case_034.txt,15,1072500.0,1.206578383,0.009485184059399744,1.192891695,1.245052391,5,1.1250148093240094e-06,8.843994460978796e-09,888877.1878486405,6950.8080716385375,1.1250148093240094e-06,151552.0,10103.466667,0.0,False,0.0,100.0,1072499.0,0.0,0.0,100.0
results-without-vgs,4_halin,case_065.txt,16,1944800.0,2.473404402,0.012425565335399806,2.465023473,2.523140041,5,1.2718039911559028e-06,6.389122447243586e-09,786284.6845535776,3963.463969880289,1.2718039911559028e-06,282624.0,17664.0,0.0,False,0.0,100.0,1944799.0,0.0,0.0,100.0
results-without-vgs,4_halin,case_056.txt,16,2178176.0,1.709437262,0.005460863545199999,1.70215093,1.752147798,5,7.848021748472116e-07,2.50708094534151e-09,1274206.458710036,4061.7500867427552,7.848021748472116e-07,286720.0,17920.0,0.0,False,0.0,100.0,2178175.0,0.0,0.0,100.0
results-without-vgs,4_halin,case_044.txt,16,3203200.0,2.844850839,0.016129672419000575,2.829387615,2.868201225,5,8.881277594280718e-07,5.0354871437938515e-09,1125964.1300300877,6359.645902639354,8.881277594280718e-07,221184.0,13824.0,0.0,False,0.0,100.0,3203199.0,0.0,0.0,100.0
results-without-vgs,4_halin,case_051.txt,16,4004000.0,4.491752694,0.010722044591999592,4.463632923,4.617151717,5,1.1218163571428571e-06,2.6778333146854084e-09,891411.4985334052,2131.27652178804,1.1218163571428571e-06,221184.0,13824.0,0.0,False,0.0,100.0,4003999.0,0.0,0.0,100.0
results-without-vgs,4_halin,case_048.txt,16,5005000.0,4.175769352,0.03295223498279972,4.140303845,4.201012376,5,8.343195508491508e-07,6.58386313342666e-09,1198581.525486516,9508.974992558804,8.343195508491508e-07,225280.0,14080.0,0.0,False,0.0,100.0,5004999.0,0.0,0.0,100.0
results-without-vgs,4_halin,case_046.txt,16,5605600.0,5.472717259,0.03279708978839924,5.445784139,5.503022505,5,9.762946444626802e-07,5.850772404095933e-09,1024280.9439463497,6113.634371344376,9.762946444626802e-07,163840.0,10240.0,0.0,False,0.0,100.0,5605599.0,0.0,0.0,100.0
results-without-vgs,4_halin,case_047.txt,16,5605600.0,5.176106873,0.020676756210599924,5.134343612,5.206687373,5,9.233814173326674e-07,3.688589305444478e-09,1082976.093333844,4314.49004457968,9.233814173326674e-07,286720.0,17920.0,0.0,False,0.0,100.0,5605599.0,0.0,0.0,100.0
results-without-vgs,4_halin,case_063.txt,17,7779200.0,7.844700892,0.10779819734880028,7.767408943,7.920049679,5,1.0084200035993419e-06,1.3857234336281341e-08,991650.3008971575,13501.652410001727,1.0084200035993419e-06,159744.0,9396.705882,0.0,False,0.0,100.0,7779199.0,0.0,0.0,100.0
results-without-vgs,4_halin,case_052.txt,17,13613600.0,12.633264609,0.13209518996100175,12.520088897,12.725902136,5,9.279885268408062e-07,9.703178436343184e-09,1077599.5296023171,11188.623551765546,9.279885268408062e-07,282624.0,16624.941176,0.0,False,0.0,100.0,13613599.0,0.0,0.0,100.0
results-without-vgs,4_halin,case_062.txt,17,13613600.0,12.958867983,0.12815184312839986,12.872430749,13.30731358,5,9.519060338925779e-07,9.413516125668376e-09,1050523.8588632052,10458.519559263474,9.519060338925779e-07,159744.0,9396.705882,0.0,False,0.0,100.0,13613599.0,0.0,0.0,100.0
results-without-vgs,4_halin,case_064.txt,17,13613600.0,13.39044302,0.012384995469000256,13.382089455,13.610457534,5,9.83607790738673e-07,9.097516798640623e-10,1016665.3918519868,940.9140712977513,9.83607790738673e-07,282624.0,16624.941176,0.0,False,0.0,100.0,13613599.0,0.0,0.0,100.0
results-without-vgs,4_halin,case_068.txt,17,13613600.0,15.625849229,0.09134244633360003,15.497081639,15.687458865,5,1.147811690441911e-06,6.709646701357726e-09,871223.0484557941,5072.819328675186,1.147811690441911e-06,225280.0,13251.764706,0.0,False,0.0,100.0,13613599.0,0.0,0.0,100.0
results-without-vgs,4_halin,case_061.txt,17,15247232.0,17.36261833,0.012003958373397617,17.152573552,17.370714889,5,1.1387390399778793e-06,7.872877105428359e-10,878164.3246545984,606.8517079186562,1.1387390399778793e-06,225280.0,13251.764706,0.0,False,0.0,100.0,15247231.0,0.0,0.0,100.0
results-without-vgs,4_halin,case_053.txt,17,17017000.0,15.678014304,0.042624735173999506,15.629943896,16.124379671,5,9.21314820708703e-07,2.5048325306458256e-09,1085405.3115424432,2945.553463142281,9.21314820708703e-07,167936.0,9878.588235,0.0,False,0.0,100.0,17016999.0,0.0,0.0,100.0
results-without-vgs,4_halin,case_055.txt,17,20420400.0,19.493356726,0.09403317111299533,19.392483952,19.616802704,5,9.546021001547471e-07,4.604864307897702e-09,1047556.8824307987,5069.760123493751,9.546021001547471e-07,221184.0,13010.823529,0.0,False,0.0,100.0,20420399.0,0.0,0.0,100.0
results-without-vgs,4_halin,case_059.txt,17,20420400.0,24.897390203,0.2176733868287996,24.742104112,25.104362802,5,1.2192410630056219e-06,1.0659604455779466e-08,820182.3497765422,7213.242319873786,1.2192410630056219e-06,221184.0,13010.823529,0.0,False,0.0,100.0,20420399.0,0.0,0.0,100.0
results-without-vgs,4_halin,case_060.txt,17,20420400.0,21.804013803,0.0737200744433995,21.754290294,22.153953495,5,1.067756449579832e-06,3.6101190203620596e-09,936543.1605620416,3173.7202447433074,1.067756449579832e-06,221184.0,13010.823529,0.0,False,0.0,100.0,20420399.0,0.0,0.0,100.0
results-without-vgs,4_halin,case_050.txt,17,28028000.0,24.022694235,0.03885566055840051,23.940473572,24.264236722,5,8.570962692664478e-07,1.3863158469531017e-09,1166730.0813896407,1889.196074530321,8.570962692664478e-07,221184.0,13010.823529,0.0,False,0.0,100.0,28027999.0,0.0,0.0,100.0
results-without-vgs,4_halin,case_073.txt,18,52672256.0,52.54016502,0.10395445010160528,52.330246817,53.230860639,5,9.974922095609499e-07,1.9736092204138612e-09,1002514.0952631137,1986.1960121307159,9.974922095609499e-07,286720.0,15928.888889,0.0,False,0.0,100.0,52672255.0,0.0,0.0,100.0
results-without-vgs,4_halin,case_079.txt,18,58786000.0,51.713857823,0.10459607638619449,51.643308736,51.937564084,5,8.796968295682645e-07,1.7792684718503439e-09,1136755.2620267798,2302.3338962880916,8.796968295682645e-07,221184.0,12288.0,0.0,False,0.0,100.0,58785999.0,0.0,0.0,100.0
results-without-vgs,4_halin,case_057.txt,18,68068000.0,55.771902837,0.2754766487004022,55.571222893,56.307257259,5,8.193556860345537e-07,4.04708010666391e-09,1220471.1788108933,6008.310819619666,8.193556860345537e-07,221184.0,12288.0,0.0,False,0.0,100.0,68067999.0,0.0,0.0,100.0
results-without-vgs,4_halin,case_077.txt,18,70543200.0,83.968459677,0.3033074925425935,83.707421637,84.283318149,5,1.1903125981951486e-06,4.2995992886994225e-09,840115.4465778852,3027.255713639455,1.1903125981951486e-06,286720.0,15928.888889,0.0,False,0.0,100.0,70543199.0,0.0,0.0,100.0
results-without-vgs,4_halin,case_069.txt,18,81681600.0,54.394116255,0.3719943549630038,54.0635724,54.763417505,5,6.659286333152142e-07,4.554200149886932e-09,1501662.4154178016,10317.266869736046,6.659286333152142e-07,286720.0,15928.888889,0.0,False,0.0,100.0,81681599.0,0.0,0.0,100.0
results-without-vgs,4_halin,case_066.txt,18,95295200.0,95.037224233,0.0618258536741956,94.736048656,95.0789252,5,9.972928776370688e-07,6.487824536200644e-10,1002714.4707674492,652.0233376247107,9.972928776370688e-07,221184.0,12288.0,0.0,False,0.0,100.0,95295199.0,0.0,0.0,100.0
results-without-vgs,4_halin,case_070.txt,18,102102000.0,89.938305666,0.15842072630159806,89.83145235,90.446226494,5,8.808672275371687e-07,1.5515927827231112e-09,1135244.8686232958,2002.0417338545965,8.808672275371687e-07,221184.0,12288.0,0.0,False,0.0,100.0,102101999.0,0.0,0.0,100.0
results-without-vgs,4_halin,case_067.txt,18,106730624.0,104.895951012,0.9641755544651942,104.039455599,109.12650802,5,9.828102477129713e-07,9.033729199083573e-09,1017490.4080691362,9410.844746580387,9.828102477129713e-07,286720.0,15928.888889,0.0,False,0.0,100.0,106730623.0,0.0,0.0,100.0
results-without-vgs,4_halin,case_058.txt,18,114354240.0,117.229779803,0.5454800259762066,116.861858566,118.506203506,5,1.02514589579713e-06,4.770090081279047e-09,975470.910140476,4553.238361359441,1.02514589579713e-06,282624.0,15701.333333,0.0,False,0.0,100.0,114354239.0,0.0,0.0,100.0
results-without-vgs,4_halin,case_075.txt,19,235144000.0,228.958974071,0.6132974324525863,227.573869141,229.372637522,5,9.736968583974075e-07,2.608178105554994e-09,1027013.6864217519,2746.033109183455,9.736968583974075e-07,225280.0,11856.842105,0.0,False,0.0,100.0,235143999.0,0.0,0.0,100.0
results-without-vgs,4_halin,case_080.txt,22,261617510.0,360.020826204,0.024013305997761823,360.004629451,360.049444912,5,1.3761209873949186e-06,4.363743601490344e-09,726680.2913114938,2299.418881073179,1.3761342893447767e-06,,,1.0,True,100.0,0.0,0.0,0.0,,0.0
results-without-vgs,4_halin,case_071.txt,19,263361280.0,299.932783262,0.5703556921944334,299.272559782,303.581081886,5,1.138864389108376e-06,2.1656778558885255e-09,878067.6694816194,1667.6048579479193,1.138864389108376e-06,282624.0,14874.947368,0.0,False,0.0,100.0,263361279.0,0.0,0.0,100.0
results-without-vgs,4_halin,case_078.txt,19,282172800.0,335.118636584,0.49582659554819447,333.285004694,335.86834463,5,1.187636216474444e-06,1.7571736026584623e-09,842008.6775128404,1247.0429857579907,1.187636216474444e-06,286720.0,15090.526316,0.0,False,0.0,100.0,282172799.0,0.0,0.0,100.0
results-without-vgs,4_halin,case_076.txt,21,338720276.0,360.009686499,0.010060711588216633,360.002900642,360.044856733,5,1.0628324495165445e-06,3.0324526860845344e-09,940882.0745498264,2689.682412231858,1.0628524833246179e-06,,,1.0,True,100.0,0.0,0.0,0.0,,0.0
results-without-vgs,4_halin,case_054.txt,19,339265818.0,360.034718916,0.018213294737429397,360.021079491,360.047003615,5,1.0611769898109806e-06,4.822896348921336e-10,942349.8715121238,428.4157529233425,1.061217192579065e-06,,,1.0,True,100.0,0.0,0.0,0.0,,0.0
results-without-vgs,4_halin,case_081.txt,20,371688302.0,360.034629461,0.0,360.034629461,360.034629461,1,9.686466523797136e-07,0.0,1032368.1990158737,0.0,9.686466523797136e-07,,,1.0,True,100.0,0.0,0.0,0.0,,0.0
results-without-vgs,4_halin,case_074.txt,20,427234799.0,360.026161501,0.014641159810162537,360.012419725,360.038449766,5,8.426661101030771e-07,1.3902435052554772e-09,1186709.6445562257,1955.6755715162305,8.426892246223604e-07,,,1.0,True,100.0,0.0,0.0,0.0,,0.0
results-without-vgs,4_halin,case_072.txt,20,472747227.0,360.027459739,0.0077803956930154634,360.021590185,360.041507769,5,7.615755037395491e-07,2.5899245727778143e-09,1313067.4438577918,4475.674557618755,7.61564403082157e-07,,,1.0,True,100.0,0.0,0.0,0.0,,0.0
results-without-vgs,5_cycles,case_001.txt,3,1.0,2.168e-06,2.59455e-07,1.932e-06,2.343e-06,5,2.168e-06,2.59455e-07,461254.6125461255,51077.599444368316,2.168e-06,217088.0,72362.666667,0.0,False,100.0,0.0,0.0,0.0,0.0,100.0
results-without-vgs,5_cycles,case_002.txt,4,2.0,9.098e-06,1.8784541999999998e-06,7.493e-06,1.078e-05,5,4.549e-06,9.392270999999999e-07,219828.53374367993,50852.8490634448,4.549e-06,278528.0,69632.0,0.0,False,66.66666666666667,33.33,3.0,2.0,0.0,100.0
results-without-vgs,5_cycles,case_003.txt,5,10.0,3.143e-05,6.364801800000001e-06,1.9506e-05,3.5884e-05,5,3.1430000000000002e-06,6.364801800000004e-07,318167.3560292714,58550.280425990226,3.1430000000000002e-06,278528.0,55705.6,0.0,False,52.63157894736842,47.37,19.0,10.0,0.0,100.0
results-without-vgs,5_cycles,case_004.txt,6,68.0,0.000130213,1.593201959999997e-05,9.9722e-05,0.000140959,5,1.9148970588235297e-06,2.342944058823526e-07,522221.2835891961,59024.53710426585,1.9148970588235297e-06,151552.0,25258.666667,0.0,False,46.4,53.6,125.0,58.0,0.0,100.0
results-without-vgs,5_cycles,case_005.txt,7,546.0,0.000582319,7.324192260000003e-05,0.00048196,0.000724657,5,1.0665183150183149e-06,1.3414271538461533e-07,937630.4053276641,128863.82815820715,1.0665183150183149e-06,217088.0,31012.571429,0.0,False,42.20572640509014,57.79,943.0,398.0,0.0,100.0
results-without-vgs,5_cycles,case_006.txt,8,4872.0,0.004196358,0.00045304104720000004,0.003890786,0.004603568,5,8.613214285714286e-07,9.298872068965522e-08,1161006.758717917,118142.07217972909,8.613214285714286e-07,282624.0,35328.0,0.0,False,39.17332667332667,60.83,8008.0,3137.0,0.0,100.0
results-without-vgs,5_cycles,case_007.txt,9,46782.0,0.034208489,0.0010914678810000004,0.033472304,0.040747275,5,7.312318626822282e-07,2.3330936706425586e-08,1367555.2872270972,44593.36505488571,7.312318626822282e-07,282624.0,31402.666667,0.0,False,37.00716363244641,62.99,74264.0,27483.0,0.0,100.0
results-without-vgs,5_cycles,case_008.txt,10,474180.0,0.332537454,0.011201963694600017,0.317674843,0.34398231,5,7.012894976591169e-07,2.3623863711249056e-08,1425944.639607423,49151.60929439348,7.012894976591169e-07,278528.0,27852.8,0.0,False,35.4548511053608,64.55,734647.0,260468.0,0.0,100.0
results-without-vgs,5_cycles,case_009.txt,11,5010456.0,3.575887262,0.039572095873800305,3.491685518,3.711609852,5,7.136849943398365e-07,7.89790307983952e-09,1401178.4021394576,15622.569780801095,7.136849943398365e-07,217088.0,19735.272727,0.0,False,34.31656827500427,65.68,7628187.0,2617732.0,0.0,100.0
results-without-vgs,5_cycles,case_010.txt,12,54721224.0,39.285728179,0.3275297873189969,38.843693144,39.665211135,5,7.179248800977114e-07,5.985425094274006e-09,1392903.3910398781,11547.863986940909,7.179248800977114e-07,278528.0,23210.666667,0.0,False,33.455472807512635,66.54,82232492.0,27511269.0,0.0,100.0
results-without-vgs,5_cycles,case_019.txt,21,471450623.0,360.033949537,0.009798706516197183,360.007701787,360.040558674,5,7.63686674933082e-07,6.354227393561802e-09,1309437.5387492848,10956.617110749185,7.636726562073076e-07,,,1.0,True,100.0,0.0,0.0,0.0,,0.0
results-without-vgs,5_cycles,case_014.txt,16,475828070.0,360.003936144,0.0020608658910632243,360.002546109,360.029128202,5,7.566370100906405e-07,2.563447954638087e-09,1321637.7029722696,4487.897226834926,7.565840664759438e-07,,,1.0,True,100.0,0.0,0.0,0.0,,0.0
results-without-vgs,5_cycles,case_018.txt,20,479171920.0,360.02178137,0.006533772239402196,360.008676989,360.037837468,5,7.513385993173389e-07,1.859724662376207e-09,1330957.8409901916,3299.916216282747,7.513415672813215e-07,,,1.0,True,100.0,0.0,0.0,0.0,,0.0
results-without-vgs,5_cycles,case_020.txt,22,486966861.0,360.023814802,0.01899844856281121,360.007669202,360.03662908,5,7.393189221596745e-07,6.356036490266787e-10,1352596.2477449279,1163.5221243534045,7.393189221596745e-07,,,1.0,True,100.0,0.0,0.0,0.0,,0.0
results-without-vgs,5_cycles,case_013.txt,15,490123538.0,360.031779472,0.010115480314844716,360.006049001,360.03860227,5,7.345556948256584e-07,2.9141311160736666e-09,1361367.1598276056,5415.3095742503,7.345735341362038e-07,,,1.0,True,100.0,0.0,0.0,0.0,,0.0
results-without-vgs,5_cycles,case_017.txt,19,494007501.0,360.015537509,0.01246532866742085,360.00712976,360.036220713,5,7.287653259924894e-07,1.1410097722698944e-09,1372183.8352258625,2150.665327584501,7.287653259924894e-07,,,1.0,True,100.0,0.0,0.0,0.0,,0.0
results-without-vgs,5_cycles,case_011.txt,13,505739740.0,360.029292589,0.01876806883134849,360.011300941,360.042861827,5,7.119133288339177e-07,3.305661181267228e-09,1404665.370766348,6542.841336592863,7.118864983578312e-07,,,1.0,True,100.0,0.0,0.0,0.0,,0.0
results-without-vgs,5_cycles,case_012.txt,14,507655164.0,360.034601524,0.006304491114635641,360.028257479,360.044307132,5,7.092193271671319e-07,9.63428413664249e-10,1410001.0556598154,1917.15149100896,7.092109507705116e-07,,,1.0,True,100.0,0.0,0.0,0.0,,0.0
results-without-vgs,5_cycles,case_016.txt,18,516515042.0,360.029852659,0.0029848147980674525,360.005424911,360.043251821,5,6.970369317530931e-07,1.2231200926499502e-09,1434644.2124450065,2520.413741379956,6.970365301752432e-07,,,1.0,True,100.0,0.0,0.0,0.0,,0.0
results-without-vgs,5_cycles,case_015.txt,17,524950738.0,360.033269854,0.011570162956827891,360.017208986,360.044590524,5,6.858114160532907e-07,1.4357421173510438e-09,1458126.79199014,3056.8962268753125,6.858420110536163e-07,,,1.0,True,100.0,0.0,0.0,0.0,,0.0
